설득하다,説得する,,,,,,,,,,,,,,,,,,,,,,
망설이다,ためらう,,,,,,,,,,,,,,,,,,,,,,
익숙하다,慣れている,,,,,,,,,,,,,,,,,,,,,,
의도,意図,,,,,,,,,,,,,,,,,,,,,,
확신하다,確信する,,,,,,,,,,,,,,,,,,,,,,
불안하다,不安だ,,,,,,,,,,,,,,,,,,,,,,
깨닫다,気づく,,,,,,,,,,,,,,,,,,,,,,
우연히,偶然に,,,,,,,,,,,,,,,,,,,,,,
피하다,避ける,,,,,,,,,,,,,,,,,,,,,,
결국,結局,,,,,,,,,,,,,,,,,,,,,,
설득하다,説得する,,,,,,,,,,,,,,,,,,,,,,
망설이다,ためらう,,,,,,,,,,,,,,,,,,,,,,
익숙하다,慣れている,,,,,,,,,,,,,,,,,,,,,,
의도,意図,,,,,,,,,,,,,,,,,,,,,,
확신하다,確信する,,,,,,,,,,,,,,,,,,,,,,
불안하다,不安だ,,,,,,,,,,,,,,,,,,,,,,
깨닫다,気づく,,,,,,,,,,,,,,,,,,,,,,
우연히,偶然に,,,,,,,,,,,,,,,,,,,,,,
피하다,避ける,,,,,,,,,,,,,,,,,,,,,,
결국,結局,,,,,,,,,,,,,,,,,,,,,,
반대하다,反対する,,,,,,,,,,,,,,,,,,,,,,
찬성하다,賛成する,,,,,,,,,,,,,,,,,,,,,,
요구하다,要求する,,,,,,,,,,,,,,,,,,,,,,
허락하다,許可する,,,,,,,,,,,,,,,,,,,,,,
거절하다,断る,,,,,,,,,,,,,,,,,,,,,,
기대하다,期待する,,,,,,,,,,,,,,,,,,,,,,
실망하다,失望する,,,,,,,,,,,,,,,,,,,,,,
만족하다,満足する,,,,,,,,,,,,,,,,,,,,,,
불평하다,不満を言う,,,,,,,,,,,,,,,,,,,,,,
참다,我慢する,,,,,,,,,,,,,,,,,,,,,,
드러나다,明らかになる,,,,,,,,,,,,,,,,,,,,,,
발생하다,発生する,,,,,,,,,,,,,,,,,,,,,,
해결하다,解決する,,,,,,,,,,,,,,,,,,,,,,
유지하다,維持する,,,,,,,,,,,,,,,,,,,,,,
변화하다,変化する,,,,,,,,,,,,,,,,,,,,,,
영향,影響,,,,,,,,,,,,,,,,,,,,,,
원인,原因,,,,,,,,,,,,,,,,,,,,,,
결과,結果,,,,,,,,,,,,,,,,,,,,,,
과정,過程,,,,,,,,,,,,,,,,,,,,,,
기준,基準,,,,,,,,,,,,,,,,,,,,,,
조건,条件,,,,,,,,,,,,,,,,,,,,,,
상황,状況,,,,,,,,,,,,,,,,,,,,,,
입장,立場,,,,,,,,,,,,,,,,,,,,,,
경험,経験,,,,,,,,,,,,,,,,,,,,,,
선택,選択,,,,,,,,,,,,,,,,,,,,,,
책임,責任,,,,,,,,,,,,,,,,,,,,,,
기회,機会,,,,,,,,,,,,,,,,,,,,,,
위험,危険,,,,,,,,,,,,,,,,,,,,,,
장점,長所,,,,,,,,,,,,,,,,,,,,,,
단점,短所,,,,,,,,,,,,,,,,,,,,,,
특징,特徴,,,,,,,,,,,,,,,,,,,,,,
대신,代わりに,,,,,,,,,,,,,,,,,,,,,,
미리,あらかじめ,,,,,,,,,,,,,,,,,,,,,,
이미,すでに,,,,,,,,,,,,,,,,,,,,,,
점점,だんだん,,,,,,,,,,,,,,,,,,,,,,
갑자기,突然,,,,,,,,,,,,,,,,,,,,,,
서로,互いに,,,,,,,,,,,,,,,,,,,,,,
파악하다,把握する,,,,,,,,,,,,,,,,,,,,,,
촉진하다,促進する,,,,,,,,,,,,,,,,,,,,,,
억제하다,抑制する,,,,,,,,,,,,,,,,,,,,,,
보완하다,補完する,,,,,,,,,,,,,,,,,,,,,,
강조하다,強調する,,,,,,,,,,,,,,,,,,,,,,
해당하다,該当する,,,,,,,,,,,,,,,,,,,,,,
직면하다,直面する,,,,,,,,,,,,,,,,,,,,,,
수용하다,受け入れる,,,,,,,,,,,,,,,,,,,,,,
거치다,経る,,,,,,,,,,,,,,,,,,,,,,
배제하다,排除する,,,,,,,,,,,,,,,,,,,,,,
전제하다,前提とする,,,,,,,,,,,,,,,,,,,,,,
간과하다,見落とす,,,,,,,,,,,,,,,,,,,,,,
확대하다,拡大する,,,,,,,,,,,,,,,,,,,,,,
축소하다,縮小する,,,,,,,,,,,,,,,,,,,,,,
전환하다,転換する,,,,,,,,,,,,,,,,,,,,,,
동반하다,伴う,,,,,,,,,,,,,,,,,,,,,,
유발하다,誘発する,,,,,,,,,,,,,,,,,,,,,,
지속하다,持続する,,,,,,,,,,,,,,,,,,,,,,
중단하다,中断する,,,,,,,,,,,,,,,,,,,,,,
개입하다,介入する,,,,,,,,,,,,,,,,,,,,,,
검토하다,検討する,,,,,,,,,,,,,,,,,,,,,,
조정하다,調整する,,,,,,,,,,,,,,,,,,,,,,
대처하다,対処する,,,,,,,,,,,,,,,,,,,,,,
구성하다,構成する,,,,,,,,,,,,,,,,,,,,,,
분석하다,分析する,,,,,,,,,,,,,,,,,,,,,,
판단하다,判断する,,,,,,,,,,,,,,,,,,,,,,
전망하다,見通す,,,,,,,,,,,,,,,,,,,,,,
예측하다,予測する,,,,,,,,,,,,,,,,,,,,,,
확보하다,確保する,,,,,,,,,,,,,,,,,,,,,,
고려하다,考慮する,,,,,,,,,,,,,,,,,,,,,,
제약,制約,,,,,,,,,,,,,,,,,,,,,,
전략,戦略,,,,,,,,,,,,,,,,,,,,,,
방안,方案,,,,,,,,,,,,,,,,,,,,,,
목표,目標,,,,,,,,,,,,,,,,,,,,,,
성과,成果,,,,,,,,,,,,,,,,,,,,,,
과제,課題,,,,,,,,,,,,,,,,,,,,,,
자원,資源,,,,,,,,,,,,,,,,,,,,,,
효율,効率,,,,,,,,,,,,,,,,,,,,,,
균형,バランス,,,,,,,,,,,,,,,,,,,,,,
갈등,葛藤,,,,,,,,,,,,,,,,,,,,,,
신뢰,信頼,,,,,,,,,,,,,,,,,,,,,,
평가,評価,,,,,,,,,,,,,,,,,,,,,,
전제,前提,,,,,,,,,,,,,,,,,,,,,,
한계,限界,,,,,,,,,,,,,,,,,,,,,,
비중,比重,,,,,,,,,,,,,,,,,,,,,,
변수,変数,,,,,,,,,,,,,,,,,,,,,,
전반,全般,,,,,,,,,,,,,,,,,,,,,,
동기,動機,,,,,,,,,,,,,,,,,,,,,,
의지,意志,,,,,,,,,,,,,,,,,,,,,,
근거,根拠,,,,,,,,,,,,,,,,,,,,,,
대체로,概して,,,,,,,,,,,,,,,,,,,,,,
상대적으로,相対的に,,,,,,,,,,,,,,,,,,,,,,
본격적으로,本格的に,,,,,,,,,,,,,,,,,,,,,,
일시적으로,一時的に,,,,,,,,,,,,,,,,,,,,,,
점차적으로,徐々に,,,,,,,,,,,,,,,,,,,,,,
전반적으로,全般的に,,,,,,,,,,,,,,,,,,,,,,
궁극적으로,究極的に,,,,,,,,,,,,,,,,,,,,,,
도출하다,導き出す,,,,,,,,,,,,,,,,,,,,,,
명시하다,明示する,,,,,,,,,,,,,,,,,,,,,,
암시하다,暗示する,,,,,,,,,,,,,,,,,,,,,,
전개하다,展開する,,,,,,,,,,,,,,,,,,,,,,
수립하다,樹立する,,,,,,,,,,,,,,,,,,,,,,
이행하다,履行する,,,,,,,,,,,,,,,,,,,,,,
준수하다,遵守する,,,,,,,,,,,,,,,,,,,,,,
위반하다,違反する,,,,,,,,,,,,,,,,,,,,,,
부과하다,課す,,,,,,,,,,,,,,,,,,,,,,
면제하다,免除する,,,,,,,,,,,,,,,,,,,,,,
충족하다,満たす,,,,,,,,,,,,,,,,,,,,,,
대비하다,備える,,,,,,,,,,,,,,,,,,,,,,
주관하다,主観する／主管する,,,,,,,,,,,,,,,,,,,,,,
위임하다,委任する,,,,,,,,,,,,,,,,,,,,,,
귀속되다,帰属する,,,,,,,,,,,,,,,,,,,,,,
포함하다,含む,,,,,,,,,,,,,,,,,,,,,,
제외하다,除外する,,,,,,,,,,,,,,,,,,,,,,
수반하다,随伴する,,,,,,,,,,,,,,,,,,,,,,
상정하다,想定する,,,,,,,,,,,,,,,,,,,,,,
명분,名分,,,,,,,,,,,,,,,,,,,,,,
실체,実体,,,,,,,,,,,,,,,,,,,,,,
맥락,文脈,,,,,,,,,,,,,,,,,,,,,,
동향,動向,,,,,,,,,,,,,,,,,,,,,,
수치,数値,,,,,,,,,,,,,,,,,,,,,,
지표,指標,,,,,,,,,,,,,,,,,,,,,,
가설,仮説,,,,,,,,,,,,,,,,,,,,,,
통계,統計,,,,,,,,,,,,,,,,,,,,,,
근본,根本,,,,,,,,,,,,,,,,,,,,,,
본질,本質,,,,,,,,,,,,,,,,,,,,,,
전례,前例,,,,,,,,,,,,,,,,,,,,,,
권한,権限,,,,,,,,,,,,,,,,,,,,,,
의무,義務,,,,,,,,,,,,,,,,,,,,,,
혜택,恩恵,,,,,,,,,,,,,,,,,,,,,,
부담,負担,,,,,,,,,,,,,,,,,,,,,,
손실,損失,,,,,,,,,,,,,,,,,,,,,,
이익,利益,,,,,,,,,,,,,,,,,,,,,,
분야,分野,,,,,,,,,,,,,,,,,,,,,,
영역,領域,,,,,,,,,,,,,,,,,,,,,,
범위,範囲,,,,,,,,,,,,,,,,,,,,,,
절차,手続き,,,,,,,,,,,,,,,,,,,,,,
관행,慣行,,,,,,,,,,,,,,,,,,,,,,
타당성,妥当性,,,,,,,,,,,,,,,,,,,,,,
신중히,慎重に,,,,,,,,,,,,,,,,,,,,,,
일관되게,一貫して,,,,,,,,,,,,,,,,,,,,,,
불가피하게,やむを得ず,,,,,,,,,,,,,,,,,,,,,,
형식적으로,形式的に,,,,,,,,,,,,,,,,,,,,,,
실질적으로,実質的に,,,,,,,,,,,,,,,,,,,,,,
명백히,明白に,,,,,,,,,,,,,,,,,,,,,,
간접적으로,間接的に,,,,,,,,,,,,,,,,,,,,,,
대폭,大幅に,,,,,,,,,,,,,,,,,,,,,,
소폭,小幅に,,,,,,,,,,,,,,,,,,,,,,
비교적,比較的,,,,,,,,,,,,,,,,,,,,,,
도모하다,図る,,,,,,,,,,,,,,,,,,,,,,
강구하다,講じる,,,,,,,,,,,,,,,,,,,,,,
모색하다,模索する,,,,,,,,,,,,,,,,,,,,,,
시사하다,示唆する,,,,,,,,,,,,,,,,,,,,,,
규명하다,究明する,,,,,,,,,,,,,,,,,,,,,,
해명하다,釈明する,,,,,,,,,,,,,,,,,,,,,,
일축하다,一蹴する,,,,,,,,,,,,,,,,,,,,,,
번복하다,翻す,,,,,,,,,,,,,,,,,,,,,,
철회하다,撤回する,,,,,,,,,,,,,,,,,,,,,,
종결하다,終結する,,,,,,,,,,,,,,,,,,,,,,
착수하다,着手する,,,,,,,,,,,,,,,,,,,,,,
완수하다,完遂する,,,,,,,,,,,,,,,,,,,,,,
도입하다,導入する,,,,,,,,,,,,,,,,,,,,,,
정착하다,定着する,,,,,,,,,,,,,,,,,,,,,,
확립하다,確立する,,,,,,,,,,,,,,,,,,,,,,
고수하다,固守する,,,,,,,,,,,,,,,,,,,,,,
전수하다,伝授する,,,,,,,,,,,,,,,,,,,,,,
계승하다,継承する,,,,,,,,,,,,,,,,,,,,,,
부각되다,浮き彫りになる,,,,,,,,,,,,,,,,,,,,,,
잠재하다,潜在する,,,,,,,,,,,,,,,,,,,,,,
전제조건,前提条件,,,,,,,,,,,,,,,,,,,,,,
여파,余波,,,,,,,,,,,,,,,,,,,,,,
파장,波紋,,,,,,,,,,,,,,,,,,,,,,
정당성,正当性,,,,,,,,,,,,,,,,,,,,,,
불확실성,不確実性,,,,,,,,,,,,,,,,,,,,,,
지속성,持続性,,,,,,,,,,,,,,,,,,,,,,
연속성,連続性,,,,,,,,,,,,,,,,,,,,,,
파급력,波及力,,,,,,,,,,,,,,,,,,,,,,
실효성,実効性,,,,,,,,,,,,,,,,,,,,,,
완성도,完成度,,,,,,,,,,,,,,,,,,,,,,
객관성,客観性,,,,,,,,,,,,,,,,,,,,,,
주관성,主観性,,,,,,,,,,,,,,,,,,,,,,
정밀도,精密度,,,,,,,,,,,,,,,,,,,,,,
유연성,柔軟性,,,,,,,,,,,,,,,,,,,,,,
안정성,安定性,,,,,,,,,,,,,,,,,,,,,,
적합성,適合性,,,,,,,,,,,,,,,,,,,,,,
공신력,公信力,,,,,,,,,,,,,,,,,,,,,,
결속력,結束力,,,,,,,,,,,,,,,,,,,,,,
흡인력,吸引力,,,,,,,,,,,,,,,,,,,,,,
응집력,凝集力,,,,,,,,,,,,,,,,,,,,,,
비약적으로,飛躍的に,,,,,,,,,,,,,,,,,,,,,,
체계적으로,体系的に,,,,,,,,,,,,,,,,,,,,,,
종합적으로,総合的に,,,,,,,,,,,,,,,,,,,,,,
선별적으로,選別的に,,,,,,,,,,,,,,,,,,,,,,
전략적으로,戦略的に,,,,,,,,,,,,,,,,,,,,,,
의도적으로,意図的に,,,,,,,,,,,,,,,,,,,,,,
관례적으로,慣例的に,,,,,,,,,,,,,,,,,,,,,,
전면적으로,全面的に,,,,,,,,,,,,,,,,,,,,,,
단계적으로,段階的に,,,,,,,,,,,,,,,,,,,,,,
부분적으로,部分的に,,,,,,,,,,,,,,,,,,,,,,
추구하다,追求する,,,,,,,,,,,,,,,,,,,,,,
지향하다,志向する,,,,,,,,,,,,,,,,,,,,,,
감안하다,勘案する,,,,,,,,,,,,,,,,,,,,,,
반영하다,反映する,,,,,,,,,,,,,,,,,,,,,,
초래하다,招く,,,,,,,,,,,,,,,,,,,,,,
유보하다,留保する,,,,,,,,,,,,,,,,,,,,,,
가속화하다,加速化する,,,,,,,,,,,,,,,,,,,,,,
완화하다,緩和する,,,,,,,,,,,,,,,,,,,,,,
강화하다,強化する,,,,,,,,,,,,,,,,,,,,,,
저해하다,阻害する,,,,,,,,,,,,,,,,,,,,,,
왜곡하다,歪曲する,,,,,,,,,,,,,,,,,,,,,,
조장하다,助長する,,,,,,,,,,,,,,,,,,,,,,
잠식하다,侵食する,,,,,,,,,,,,,,,,,,,,,,
대변하다,代弁する,,,,,,,,,,,,,,,,,,,,,,
전파하다,伝播する,,,,,,,,,,,,,,,,,,,,,,
확산되다,拡散する,,,,,,,,,,,,,,,,,,,,,,
축적하다,蓄積する,,,,,,,,,,,,,,,,,,,,,,
도태되다,淘汰される,,,,,,,,,,,,,,,,,,,,,,
부합하다,合致する,,,,,,,,,,,,,,,,,,,,,,
상충하다,相反する,,,,,,,,,,,,,,,,,,,,,,
구조,構造,,,,,,,,,,,,,,,,,,,,,,
체계,体系,,,,,,,,,,,,,,,,,,,,,,
본연,本然,,,,,,,,,,,,,,,,,,,,,,
정체성,アイデンティティ,,,,,,,,,,,,,,,,,,,,,,
자율성,自律性,,,,,,,,,,,,,,,,,,,,,,
독립성,独立性,,,,,,,,,,,,,,,,,,,,,,
투명성,透明性,,,,,,,,,,,,,,,,,,,,,,
공정성,公正性,,,,,,,,,,,,,,,,,,,,,,
형평성,衡平性,,,,,,,,,,,,,,,,,,,,,,
일관성,一貫性,,,,,,,,,,,,,,,,,,,,,,
보편성,普遍性,,,,,,,,,,,,,,,,,,,,,,
특수성,特殊性,,,,,,,,,,,,,,,,,,,,,,
취약성,脆弱性,,,,,,,,,,,,,,,,,,,,,,
의존성,依存性,,,,,,,,,,,,,,,,,,,,,,
변동성,変動性,,,,,,,,,,,,,,,,,,,,,,
접근성,アクセス性,,,,,,,,,,,,,,,,,,,,,,
대표성,代表性,,,,,,,,,,,,,,,,,,,,,,
파편화,断片化,,,,,,,,,,,,,,,,,,,,,,
양극화,二極化,,,,,,,,,,,,,,,,,,,,,,
내재적,内在的,,,,,,,,,,,,,,,,,,,,,,
외형적으로,外形的に,,,,,,,,,,,,,,,,,,,,,,
근본적으로,根本的に,,,,,,,,,,,,,,,,,,,,,,
의례적으로,儀礼的に,,,,,,,,,,,,,,,,,,,,,,
암묵적으로,暗黙的に,,,,,,,,,,,,,,,,,,,,,,
관성적으로,惰性的に,,,,,,,,,,,,,,,,,,,,,,
선제적으로,先制的に,,,,,,,,,,,,,,,,,,,,,,
포괄적으로,包括的に,,,,,,,,,,,,,,,,,,,,,,
획기적으로,画期的に,,,,,,,,,,,,,,,,,,,,,,
사랑,愛,,,,,,,,,,,,,,,,,,,,,,
행복,幸福,,,,,,,,,,,,,,,,,,,,,,
슬픔,悲しみ,,,,,,,,,,,,,,,,,,,,,,
친구,友達,,,,,,,,,,,,,,,,,,,,,,
가족,家族,,,,,,,,,,,,,,,,,,,,,,
학교,学校,,,,,,,,,,,,,,,,,,,,,,
선생님,先生,,,,,,,,,,,,,,,,,,,,,,
학생,学生,,,,,,,,,,,,,,,,,,,,,,
책,本,,,,,,,,,,,,,,,,,,,,,,
신문,新聞,,,,,,,,,,,,,,,,,,,,,,
음악,音楽,,,,,,,,,,,,,,,,,,,,,,
영화,映画,,,,,,,,,,,,,,,,,,,,,,
커피,コーヒー,,,,,,,,,,,,,,,,,,,,,,
차,お茶,,,,,,,,,,,,,,,,,,,,,,
과일,果物,,,,,,,,,,,,,,,,,,,,,,
사과,りんご,,,,,,,,,,,,,,,,,,,,,,
바나나,バナナ,,,,,,,,,,,,,,,,,,,,,,
채소,野菜,,,,,,,,,,,,,,,,,,,,,,
감자,じゃがいも,,,,,,,,,,,,,,,,,,,,,,
고기,肉,,,,,,,,,,,,,,,,,,,,,,
물,水,,,,,,,,,,,,,,,,,,,,,,
주스,ジュース,,,,,,,,,,,,,,,,,,,,,,
빵,パン,,,,,,,,,,,,,,,,,,,,,,
밥,ご飯,,,,,,,,,,,,,,,,,,,,,,
자동차,車,,,,,,,,,,,,,,,,,,,,,,
자전거,自転車,,,,,,,,,,,,,,,,,,,,,,
버스,バス,,,,,,,,,,,,,,,,,,,,,,
비행기,飛行機,,,,,,,,,,,,,,,,,,,,,,
집,家,,,,,,,,,,,,,,,,,,,,,,
방,部屋,,,,,,,,,,,,,,,,,,,,,,
의자,椅子,,,,,,,,,,,,,,,,,,,,,,
책상,机,,,,,,,,,,,,,,,,,,,,,,
컴퓨터,コンピュータ,,,,,,,,,,,,,,,,,,,,,,
전화,電話,,,,,,,,,,,,,,,,,,,,,,
시계,時計,,,,,,,,,,,,,,,,,,,,,,
옷,服,,,,,,,,,,,,,,,,,,,,,,
신발,靴,,,,,,,,,,,,,,,,,,,,,,
모자,帽子,,,,,,,,,,,,,,,,,,,,,,
가방,鞄,,,,,,,,,,,,,,,,,,,,,,
강아지,犬,,,,,,,,,,,,,,,,,,,,,,
고양이,猫,,,,,,,,,,,,,,,,,,,,,,
새,鳥,,,,,,,,,,,,,,,,,,,,,,
꽃,花,,,,,,,,,,,,,,,,,,,,,,
하늘,空,,,,,,,,,,,,,,,,,,,,,,
바다,海,,,,,,,,,,,,,,,,,,,,,,
산,山,,,,,,,,,,,,,,,,,,,,,,
강,川,,,,,,,,,,,,,,,,,,,,,,
음식,食べ物,,,,,,,,,,,,,,,,,,,,,,
요리,料理,,,,,,,,,,,,,,,,,,,,,,
운동,運動,,,,,,,,,,,,,,,,,,,,,,
축구,サッカー,,,,,,,,,,,,,,,,,,,,,,
가다,行く,,,,,,,,,,,,,,,,,,,,,,
오다,来る,,,,,,,,,,,,,,,,,,,,,,
먹다,食べる,,,,,,,,,,,,,,,,,,,,,,
마시다,飲む,,,,,,,,,,,,,,,,,,,,,,
보다,見る,,,,,,,,,,,,,,,,,,,,,,
듣다,聞く,,,,,,,,,,,,,,,,,,,,,,
읽다,読む,,,,,,,,,,,,,,,,,,,,,,
쓰다,書く,,,,,,,,,,,,,,,,,,,,,,
공부하다,勉強する,,,,,,,,,,,,,,,,,,,,,,
운동하다,運動する,,,,,,,,,,,,,,,,,,,,,,
사랑하다,愛する,,,,,,,,,,,,,,,,,,,,,,
싫어하다,嫌いだ,,,,,,,,,,,,,,,,,,,,,,
기다리다,待つ,,,,,,,,,,,,,,,,,,,,,,
만나다,会う,,,,,,,,,,,,,,,,,,,,,,
말하다,話す,,,,,,,,,,,,,,,,,,,,,,
웃다,笑う,,,,,,,,,,,,,,,,,,,,,,
울다,泣く,,,,,,,,,,,,,,,,,,,,,,
경험하다,経験する,,,,,,,,,,,,,,,,,,,,,,
발전하다,発展する,,,,,,,,,,,,,,,,,,,,,,
표현하다,表現する,,,,,,,,,,,,,,,,,,,,,,
결정하다,決定する,,,,,,,,,,,,,,,,,,,,,,
연구하다,研究する,,,,,,,,,,,,,,,,,,,,,,
이해하다,理解する,,,,,,,,,,,,,,,,,,,,,,
설명하다,説明する,,,,,,,,,,,,,,,,,,,,,,
참여하다,参加する,,,,,,,,,,,,,,,,,,,,,,
강조하다,強調する,,,,,,,,,,,,,,,,,,,,,,
비교하다,比較する,,,,,,,,,,,,,,,,,,,,,,
도전하다,挑戦する,,,,,,,,,,,,,,,,,,,,,,
참고하다,参考にする,,,,,,,,,,,,,,,,,,,,,,
설득하다,説得する,,,,,,,,,,,,,,,,,,,,,,
협력하다,協力する,,,,,,,,,,,,,,,,,,,,,,
분석하다,分析する,,,,,,,,,,,,,,,,,,,,,,
조정하다,調整する,,,,,,,,,,,,,,,,,,,,,,
제안하다,提案する,,,,,,,,,,,,,,,,,,,,,,
준비하다,準備する,,,,,,,,,,,,,,,,,,,,,,
관리하다,管理する,,,,,,,,,,,,,,,,,,,,,,
관찰하다,観察する,,,,,,,,,,,,,,,,,,,,,,
설계하다,設計する,,,,,,,,,,,,,,,,,,,,,,
복습하다,復習する,,,,,,,,,,,,,,,,,,,,,,
성취하다,達成する,,,,,,,,,,,,,,,,,,,,,,
좋다,良い,,,,,,,,,,,,,,,,,,,,,,
나쁘다,悪い,,,,,,,,,,,,,,,,,,,,,,
빠르다,速い,,,,,,,,,,,,,,,,,,,,,,
느리다,遅い,,,,,,,,,,,,,,,,,,,,,,
쉽다,簡単だ,,,,,,,,,,,,,,,,,,,,,,
어렵다,難しい,,,,,,,,,,,,,,,,,,,,,,
행복하다,幸せだ,,,,,,,,,,,,,,,,,,,,,,
슬프다,悲しい,,,,,,,,,,,,,,,,,,,,,,
정확하다,正確である,,,,,,,,,,,,,,,,,,,,,,
복잡하다,複雑である,,,,,,,,,,,,,,,,,,,,,,
효과적이다,効果的である,,,,,,,,,,,,,,,,,,,,,,
적절하다,適切である,,,,,,,,,,,,,,,,,,,,,,
적극적이다,積極的である,,,,,,,,,,,,,,,,,,,,,,
신중하다,慎重である,,,,,,,,,,,,,,,,,,,,,,
독립적이다,独立している,,,,,,,,,,,,,,,,,,,,,,
자율적이다,自律的である,,,,,,,,,,,,,,,,,,,,,,
창의적이다,創造的である,,,,,,,,,,,,,,,,,,,,,,
효율적이다,効率的である,,,,,,,,,,,,,,,,,,,,,,
전반적이다,全体的である,,,,,,,,,,,,,,,,,,,,,,
논리적이다,論理的である,,,,,,,,,,,,,,,,,,,,,,
분명하다,はっきりしている,,,,,,,,,,,,,,,,,,,,,,
자주,よく,,,,,,,,,,,,,,,,,,,,,,
가끔,たまに,,,,,,,,,,,,,,,,,,,,,,
항상,いつも,,,,,,,,,,,,,,,,,,,,,,
지금,今,,,,,,,,,,,,,,,,,,,,,,
조금,少し,,,,,,,,,,,,,,,,,,,,,,
많이,たくさん,,,,,,,,,,,,,,,,,,,,,,
천천히,ゆっくり,,,,,,,,,,,,,,,,,,,,,,
빨리,早く,,,,,,,,,,,,,,,,,,,,,,
명확히,明確に,,,,,,,,,,,,,,,,,,,,,,
효과적으로,効果的に,,,,,,,,,,,,,,,,,,,,,,
파악하다,把握する,,,,,,,,,,,,,,,,,,,,,,
망설이다,ためらう,,,,,,,,,,,,,,,,,,,,,,
설득하다,説得する,,,,,,,,,,,,,,,,,,,,,,
깨닫다,気づく,,,,,,,,,,,,,,,,,,,,,,
확신하다,確信する,,,,,,,,,,,,,,,,,,,,,,
의심하다,疑う,,,,,,,,,,,,,,,,,,,,,,
요구하다,要求する,,,,,,,,,,,,,,,,,,,,,,
허락하다,許可する,,,,,,,,,,,,,,,,,,,,,,
거절하다,断る,,,,,,,,,,,,,,,,,,,,,,
기대하다,期待する,,,,,,,,,,,,,,,,,,,,,,
실망하다,失望する,,,,,,,,,,,,,,,,,,,,,,
만족하다,満足する,,,,,,,,,,,,,,,,,,,,,,
불평하다,不満を言う,,,,,,,,,,,,,,,,,,,,,,
참다,耐える,,,,,,,,,,,,,,,,,,,,,,
드러나다,明らかになる,,,,,,,,,,,,,,,,,,,,,,
발생하다,発生する,,,,,,,,,,,,,,,,,,,,,,
해결하다,解決する,,,,,,,,,,,,,,,,,,,,,,
유지하다,維持する,,,,,,,,,,,,,,,,,,,,,,
변화하다,変化する,,,,,,,,,,,,,,,,,,,,,,
영향,影響,,,,,,,,,,,,,,,,,,,,,,
원인,原因,,,,,,,,,,,,,,,,,,,,,,
결과,結果,,,,,,,,,,,,,,,,,,,,,,
과정,過程,,,,,,,,,,,,,,,,,,,,,,
기준,基準,,,,,,,,,,,,,,,,,,,,,,
조건,条件,,,,,,,,,,,,,,,,,,,,,,
상황,状況,,,,,,,,,,,,,,,,,,,,,,
입장,立場,,,,,,,,,,,,,,,,,,,,,,
경험,経験,,,,,,,,,,,,,,,,,,,,,,
선택,選択,,,,,,,,,,,,,,,,,,,,,,
책임,責任,,,,,,,,,,,,,,,,,,,,,,
기회,機会,,,,,,,,,,,,,,,,,,,,,,
위험,危険,,,,,,,,,,,,,,,,,,,,,,
장점,長所,,,,,,,,,,,,,,,,,,,,,,
단점,短所,,,,,,,,,,,,,,,,,,,,,,
특징,特徴,,,,,,,,,,,,,,,,,,,,,,
대신,代わりに,,,,,,,,,,,,,,,,,,,,,,
미리,あらかじめ,,,,,,,,,,,,,,,,,,,,,,
갑자기,突然,,,,,,,,,,,,,,,,,,,,,,
결국,結局,,,,,,,,,,,,,,,,,,,,,,
우연히,偶然に,,,,,,,,,,,,,,,,,,,,,,
피하다,避ける,,,,,,,,,,,,,,,,,,,,,,
반대하다,反対する,,,,,,,,,,,,,,,,,,,,,,
찬성하다,賛成する,,,,,,,,,,,,,,,,,,,,,,
의도,意図,,,,,,,,,,,,,,,,,,,,,,
확인하다,確認する,,,,,,,,,,,,,,,,,,,,,,
불안하다,不安だ,,,,,,,,,,,,,,,,,,,,,,
익숙하다,慣れている,,,,,,,,,,,,,,,,,,,,,,
강조하다,強調する,,,,,,,,,,,,,,,,,,,,,,
확대하다,拡大する,,,,,,,,,,,,,,,,,,,,,,
축소하다,縮小する,,,,,,,,,,,,,,,,,,,,,,
제한하다,制限する,,,,,,,,,,,,,,,,,,,,,,
보장하다,保障する,,,,,,,,,,,,,,,,,,,,,,
위반하다,違反する,,,,,,,,,,,,,,,,,,,,,,
준수하다,遵守する,,,,,,,,,,,,,,,,,,,,,,
해당하다,該当する,,,,,,,,,,,,,,,,,,,,,,
포함하다,含む,,,,,,,,,,,,,,,,,,,,,,
제외하다,除外する,,,,,,,,,,,,,,,,,,,,,,
대체하다,代替する,,,,,,,,,,,,,,,,,,,,,,
보완하다,補完する,,,,,,,,,,,,,,,,,,,,,,
지연되다,遅延する,,,,,,,,,,,,,,,,,,,,,,
촉진하다,促進する,,,,,,,,,,,,,,,,,,,,,,
방해하다,妨害する,,,,,,,,,,,,,,,,,,,,,,
개선하다,改善する,,,,,,,,,,,,,,,,,,,,,,
악화되다,悪化する,,,,,,,,,,,,,,,,,,,,,,
회복하다,回復する,,,,,,,,,,,,,,,,,,,,,,
유발하다,誘発する,,,,,,,,,,,,,,,,,,,,,,
억제하다,抑制する,,,,,,,,,,,,,,,,,,,,,,
조정하다,調整する,,,,,,,,,,,,,,,,,,,,,,
통제하다,統制する,,,,,,,,,,,,,,,,,,,,,,
관리하다,管理する,,,,,,,,,,,,,,,,,,,,,,
감소하다,減少する,,,,,,,,,,,,,,,,,,,,,,
증가하다,増加する,,,,,,,,,,,,,,,,,,,,,,
확보하다,確保する,,,,,,,,,,,,,,,,,,,,,,
손실,損失,,,,,,,,,,,,,,,,,,,,,,
이익,利益,,,,,,,,,,,,,,,,,,,,,,
부담,負担,,,,,,,,,,,,,,,,,,,,,,
효과,効果,,,,,,,,,,,,,,,,,,,,,,
효율,効率,,,,,,,,,,,,,,,,,,,,,,
비용,費用,,,,,,,,,,,,,,,,,,,,,,
예산,予算,,,,,,,,,,,,,,,,,,,,,,
자원,資源,,,,,,,,,,,,,,,,,,,,,,
수단,手段,,,,,,,,,,,,,,,,,,,,,,
목적,目的,,,,,,,,,,,,,,,,,,,,,,
방식,方式,,,,,,,,,,,,,,,,,,,,,,
전략,戦略,,,,,,,,,,,,,,,,,,,,,,
전술,戦術,,,,,,,,,,,,,,,,,,,,,,
대응,対応,,,,,,,,,,,,,,,,,,,,,,
조치,措置,,,,,,,,,,,,,,,,,,,,,,
판단,判断,,,,,,,,,,,,,,,,,,,,,,
결정,決定,,,,,,,,,,,,,,,,,,,,,,
검토,検討,,,,,,,,,,,,,,,,,,,,,,
분석,分析,,,,,,,,,,,,,,,,,,,,,,
평가,評価,,,,,,,,,,,,,,,,,,,,,,
전망,見通し,,,,,,,,,,,,,,,,,,,,,,
예측,予測,,,,,,,,,,,,,,,,,,,,,,
추정,推定,,,,,,,,,,,,,,,,,,,,,,
근거,根拠,,,,,,,,,,,,,,,,,,,,,,
증거,証拠,,,,,,,,,,,,,,,,,,,,,,
사실,事実,,,,,,,,,,,,,,,,,,,,,,
가설,仮説,,,,,,,,,,,,,,,,,,,,,,
현상,現象,,,,,,,,,,,,,,,,,,,,,,
본질,本質,,,,,,,,,,,,,,,,,,,,,,
구조,構造,,,,,,,,,,,,,,,,,,,,,,
기능,機能,,,,,,,,,,,,,,,,,,,,,,
역할,役割,,,,,,,,,,,,,,,,,,,,,,
범위,範囲,,,,,,,,,,,,,,,,,,,,,,
한계,限界,,,,,,,,,,,,,,,,,,,,,,
가능성,可能性,,,,,,,,,,,,,,,,,,,,,,
필연성,必然性,,,,,,,,,,,,,,,,,,,,,,
우선순위,優先順位,,,,,,,,,,,,,,,,,,,,,,
비중,比重,,,,,,,,,,,,,,,,,,,,,,
균형,均衡,,,,,,,,,,,,,,,,,,,,,,
격차,格差,,,,,,,,,,,,,,,,,,,,,,
흐름,流れ,,,,,,,,,,,,,,,,,,,,,,
추세,趨勢,,,,,,,,,,,,,,,,,,,,,,
동향,動向,,,,,,,,,,,,,,,,,,,,,,
변동,変動,,,,,,,,,,,,,,,,,,,,,,
어색하다,気まずい,,,,,,,,,,,,,,,,,,,,,,
편하다,気楽だ,,,,,,,,,,,,,,,,,,,,,,
부담스럽다,負担に感じる,,,,,,,,,,,,,,,,,,,,,,
귀찮다,面倒くさい,,,,,,,,,,,,,,,,,,,,,,
짜증나다,いらいらする,,,,,,,,,,,,,,,,,,,,,,
속상하다,腹が立って悲しい,,,,,,,,,,,,,,,,,,,,,,
뿌듯하다,誇らしい,,,,,,,,,,,,,,,,,,,,,,
허전하다,物足りない,,,,,,,,,,,,,,,,,,,,,,
막막하다,途方に暮れる,,,,,,,,,,,,,,,,,,,,,,
답답하다,もどかしい,,,,,,,,,,,,,,,,,,,,,,
당황하다,慌てる,,,,,,,,,,,,,,,,,,,,,,
놀라다,驚く,,,,,,,,,,,,,,,,,,,,,,
긴장하다,緊張する,,,,,,,,,,,,,,,,,,,,,,
설레다,ときめく,,,,,,,,,,,,,,,,,,,,,,
후회하다,後悔する,,,,,,,,,,,,,,,,,,,,,,
아쉽다,惜しい,,,,,,,,,,,,,,,,,,,,,,
억울하다,悔しい,,,,,,,,,,,,,,,,,,,,,,
서운하다,寂しくて残念だ,,,,,,,,,,,,,,,,,,,,,,
든든하다,心強い,,,,,,,,,,,,,,,,,,,,,,
시원하다,すっきりする,,,,,,,,,,,,,,,,,,,,,,
찝찝하다,もやもやする,,,,,,,,,,,,,,,,,,,,,,
깜짝,びっくり,,,,,,,,,,,,,,,,,,,,,,
슬쩍,こっそり,,,,,,,,,,,,,,,,,,,,,,
괜히,わけもなく,,,,,,,,,,,,,,,,,,,,,,
자꾸,しきりに,,,,,,,,,,,,,,,,,,,,,,
드디어,ついに,,,,,,,,,,,,,,,,,,,,,,
차라리,いっそ,,,,,,,,,,,,,,,,,,,,,,
어쩌다,たまたま,,,,,,,,,,,,,,,,,,,,,,
웬만하면,できれば,,,,,,,,,,,,,,,,,,,,,,
아무래도,どうも,,,,,,,,,,,,,,,,,,,,,,
그나저나,ところで,,,,,,,,,,,,,,,,,,,,,,
말하다,話す,,,,,,,,,,,,,,,,,,,,,,
떠들다,騒ぐ,,,,,,,,,,,,,,,,,,,,,,
중얼거리다,ぶつぶつ言う,,,,,,,,,,,,,,,,,,,,,,
투덜대다,ぶつぶつ不満を言う,,,,,,,,,,,,,,,,,,,,,,
웃기다,おかしい,,,,,,,,,,,,,,,,,,,,,,
재미있다,面白い,,,,,,,,,,,,,,,,,,,,,,
지루하다,退屈だ,,,,,,,,,,,,,,,,,,,,,,
신기하다,不思議だ,,,,,,,,,,,,,,,,,,,,,,
익숙해지다,慣れてくる,,,,,,,,,,,,,,,,,,,,,,
서두르다,急ぐ,,,,,,,,,,,,,,,,,,,,,,
미루다,先延ばしにする,,,,,,,,,,,,,,,,,,,,,,
챙기다,きちんと用意する,,,,,,,,,,,,,,,,,,,,,,
놓치다,逃す,,,,,,,,,,,,,,,,,,,,,,
버티다,耐え抜く,,,,,,,,,,,,,,,,,,,,,,
망치다,台無しにする,,,,,,,,,,,,,,,,,,,,,,
겪다,経験する,,,,,,,,,,,,,,,,,,,,,,
마주치다,出くわす,,,,,,,,,,,,,,,,,,,,,,
들키다,ばれる,,,,,,,,,,,,,,,,,,,,,,
속이다,だます,,,,,,,,,,,,,,,,,,,,,,
믿다,信じる,,,,,,,,,,,,,,,,,,,,,,
의지하다,頼る,,,,,,,,,,,,,,,,,,,,,,
피곤하다,疲れている,,,,,,,,,,,,,,,,,,,,,,
졸리다,眠い,,,,,,,,,,,,,,,,,,,,,,
배고프다,お腹がすく,,,,,,,,,,,,,,,,,,,,,,
목마르다,喉が渇く,,,,,,,,,,,,,,,,,,,,,,
어울리다,似合う／調和する,,,,,,,,,,,,,,,,,,,,,,
잘되다,うまくいく,,,,,,,,,,,,,,,,,,,,,,
망하다,失敗する,,,,,,,,,,,,,,,,,,,,,,
잘못되다,うまくいかなくなる,,,,,,,,,,,,,,,,,,,,,,
대충,適当に,,,,,,,,,,,,,,,,,,,,,,
제대로,きちんと,,,,,,,,,,,,,,,,,,,,,,
괜찮다,大丈夫だ,,,,,,,,,,,,,,,,,,,,,,
별로다,いまいちだ,,,,,,,,,,,,,,,,,,,,,,
대단하다,すごい,,,,,,,,,,,,,,,,,,,,,,
수상하다,怪しい,,,,,,,,,,,,,,,,,,,,,,
어림없다,あり得ない,,,,,,,,,,,,,,,,,,,,,,
말도 안 되다,話にならない,,,,,,,,,,,,,,,,,,,,,,
그럴듯하다,もっともらしい,,,,,,,,,,,,,,,,,,,,,,
뻔하다,見え見えだ,,,,,,,,,,,,,,,,,,,,,,
애매하다,あいまいだ,,,,,,,,,,,,,,,,,,,,,,
솔직히,正直に,,,,,,,,,,,,,,,,,,,,,,
확실히,確かに,,,,,,,,,,,,,,,,,,,,,,
아마,たぶん,,,,,,,,,,,,,,,,,,,,,,
왠지,なんとなく,,,,,,,,,,,,,,,,,,,,,,
막상,いざとなると,,,,,,,,,,,,,,,,,,,,,,
그냥,ただ／そのまま,,,,,,,,,,,,,,,,,,,,,,
차마,どうしても〜できず,,,,,,,,,,,,,,,,,,,,,,
차근차근,一つ一つ,,,,,,,,,,,,,,,,,,,,,,
이왕이면,どうせなら,,,,,,,,,,,,,,,,,,,,,,
웬일로,どういう風の吹き回しで,,,,,,,,,,,,,,,,,,,,,,
가만히,じっと,,,,,,,,,,,,,,,,,,,,,,
함부로,むやみに,,,,,,,,,,,,,,,,,,,,,,
서로,お互いに,,,,,,,,,,,,,,,,,,,,,,
각자,それぞれ,,,,,,,,,,,,,,,,,,,,,,
슬슬,そろそろ,,,,,,,,,,,,,,,,,,,,,,
벌써,もう,,,,,,,,,,,,,,,,,,,,,,
아직,まだ,,,,,,,,,,,,,,,,,,,,,,
드물다,珍しい,,,,,,,,,,,,,,,,,,,,,,
흔하다,ありふれている,,,,,,,,,,,,,,,,,,,,,,
낯설다,なじみがない,,,,,,,,,,,,,,,,,,,,,,
친숙하다,親しみがある,,,,,,,,,,,,,,,,,,,,,,
부자연스럽다,不自然だ,,,,,,,,,,,,,,,,,,,,,,
자연스럽다,自然だ,,,,,,,,,,,,,,,,,,,,,,
무섭다,怖い,,,,,,,,,,,,,,,,,,,,,,
겁나다,怖くなる,,,,,,,,,,,,,,,,,,,,,,
용기,勇気,,,,,,,,,,,,,,,,,,,,,,
겁,恐れ,,,,,,,,,,,,,,,,,,,,,,
용서하다,許す,,,,,,,,,,,,,,,,,,,,,,
참다,我慢する,,,,,,,,,,,,,,,,,,,,,,
포기하다,諦める,,,,,,,,,,,,,,,,,,,,,,
버리다,捨てる,,,,,,,,,,,,,,,,,,,,,,
줍다,拾う,,,,,,,,,,,,,,,,,,,,,,
밀다,押す,,,,,,,,,,,,,,,,,,,,,,
당기다,引く,,,,,,,,,,,,,,,,,,,,,,
넘기다,めくる／渡す,,,,,,,,,,,,,,,,,,,,,,
던지다,投げる,,,,,,,,,,,,,,,,,,,,,,
마음에 들다,気に入る,,,,,,,,,,,,,,,,,,,,,,
마음에 안 들다,気に入らない,,,,,,,,,,,,,,,,,,,,,,
신경 쓰다,気にする,,,,,,,,,,,,,,,,,,,,,,
신경 안 쓰다,気にしない,,,,,,,,,,,,,,,,,,,,,,
눈치 보다,様子をうかがう,,,,,,,,,,,,,,,,,,,,,,
눈치 채다,察する,,,,,,,,,,,,,,,,,,,,,,
기분 상하다,気分を害する,,,,,,,,,,,,,,,,,,,,,,
기분 좋다,気分がいい,,,,,,,,,,,,,,,,,,,,,,
속다,だまされる,,,,,,,,,,,,,,,,,,,,,,
털어놓다,打ち明ける,,,,,,,,,,,,,,,,,,,,,,
고민하다,悩む,,,,,,,,,,,,,,,,,,,,,,
걱정하다,心配する,,,,,,,,,,,,,,,,,,,,,,
기대다,もたれる／頼る,,,,,,,,,,,,,,,,,,,,,,
의지하다,頼りにする,,,,,,,,,,,,,,,,,,,,,,
버겁다,手に余る,,,,,,,,,,,,,,,,,,,,,,
감당하다,引き受ける,,,,,,,,,,,,,,,,,,,,,,
당기다,引かれる／惹かれる,,,,,,,,,,,,,,,,,,,,,,
끌리다,惹かれる,,,,,,,,,,,,,,,,,,,,,,
거슬리다,気に障る,,,,,,,,,,,,,,,,,,,,,,
마주보다,向かい合う,,,,,,,,,,,,,,,,,,,,,,
지켜보다,見守る,,,,,,,,,,,,,,,,,,,,,,
바라보다,眺める,,,,,,,,,,,,,,,,,,,,,,
흘리다,流す／こぼす,,,,,,,,,,,,,,,,,,,,,,
쏟다,注ぐ／こぼす,,,,,,,,,,,,,,,,,,,,,,
엎지르다,ひっくり返す,,,,,,,,,,,,,,,,,,,,,,
치우다,片付ける,,,,,,,,,,,,,,,,,,,,,,
어질러지다,散らかる,,,,,,,,,,,,,,,,,,,,,,
정리하다,整理する,,,,,,,,,,,,,,,,,,,,,,
꾸미다,飾る／装う,,,,,,,,,,,,,,,,,,,,,,
벗다,脱ぐ,,,,,,,,,,,,,,,,,,,,,,
입다,着る,,,,,,,,,,,,,,,,,,,,,,
갈아입다,着替える,,,,,,,,,,,,,,,,,,,,,,
챙겨 입다,しっかり着る,,,,,,,,,,,,,,,,,,,,,,
떨다,震える,,,,,,,,,,,,,,,,,,,,,,
식다,冷める,,,,,,,,,,,,,,,,,,,,,,
녹다,溶ける,,,,,,,,,,,,,,,,,,,,,,
얼다,凍る,,,,,,,,,,,,,,,,,,,,,,
달아오르다,熱くなる,,,,,,,,,,,,,,,,,,,,,,
부풀다,膨らむ,,,,,,,,,,,,,,,,,,,,,,
쪼그라들다,縮む,,,,,,,,,,,,,,,,,,,,,,
망설이다,ためらう,,,,,,,,,,,,,,,,,,,,,,
결심하다,決心する,,,,,,,,,,,,,,,,,,,,,,
서두르다,急ぐ,,,,,,,,,,,,,,,,,,,,,,
늦다,遅れる,,,,,,,,,,,,,,,,,,,,,,
가게,店,,,,,,,,,,,,,,,,,,,,,,
가깝다,近い,,,,,,,,,,,,,,,,,,,,,,
가끔,時々,,,,,,,,,,,,,,,,,,,,,,
가늘다,細い,,,,,,,,,,,,,,,,,,,,,,
가르치다,教える,,,,,,,,,,,,,,,,,,,,,,
가리키다,指す,,,,,,,,,,,,,,,,,,,,,,
가방,かばん,,,,,,,,,,,,,,,,,,,,,,
가볍다,軽い,,,,,,,,,,,,,,,,,,,,,,
가수,歌手,,,,,,,,,,,,,,,,,,,,,,
가슴,胸,,,,,,,,,,,,,,,,,,,,,,
가요,歌謡,,,,,,,,,,,,,,,,,,,,,,
가운데,真ん中,,,,,,,,,,,,,,,,,,,,,,
가위,はさみ,,,,,,,,,,,,,,,,,,,,,,
가을,秋,,,,,,,,,,,,,,,,,,,,,,
가장,一番,,,,,,,,,,,,,,,,,,,,,,
가져오다,持ってくる,,,,,,,,,,,,,,,,,,,,,,
가족,家族,,,,,,,,,,,,,,,,,,,,,,
가지다,持つ,,,,,,,,,,,,,,,,,,,,,,
가짜,偽物,,,,,,,,,,,,,,,,,,,,,,
가치,価値,,,,,,,,,,,,,,,,,,,,,,
가깝다,近い,,,,,,,,,,,,,,,,,,,,,,
가꾸다,育てる・整える,,,,,,,,,,,,,,,,,,,,,,
가난,貧乏,,,,,,,,,,,,,,,,,,,,,,
가라앉다,沈む・落ち着く,,,,,,,,,,,,,,,,,,,,,,
가루,粉,,,,,,,,,,,,,,,,,,,,,,
가르다,割る・分ける,,,,,,,,,,,,,,,,,,,,,,
가뭄,日照り,,,,,,,,,,,,,,,,,,,,,,
가사,歌詞・家事,,,,,,,,,,,,,,,,,,,,,,
가습기,加湿器,,,,,,,,,,,,,,,,,,,,,,
가슴속,胸の内,,,,,,,,,,,,,,,,,,,,,,
가요계,歌謡界,,,,,,,,,,,,,,,,,,,,,,
가장자리,縁（ふち）,,,,,,,,,,,,,,,,,,,,,,
가정,家庭・仮定,,,,,,,,,,,,,,,,,,,,,,
가죽,革,,,,,,,,,,,,,,,,,,,,,,
가지,種類・枝,,,,,,,,,,,,,,,,,,,,,,
가치관,価値観,,,,,,,,,,,,,,,,,,,,,,
각각,それぞれ,,,,,,,,,,,,,,,,,,,,,,
각오,覚悟,,,,,,,,,,,,,,,,,,,,,,
각종,各種,,,,,,,,,,,,,,,,,,,,,,
간격,間隔,,,,,,,,,,,,,,,,,,,,,,
간단하다,簡単だ,,,,,,,,,,,,,,,,,,,,,,
간판,看板,,,,,,,,,,,,,,,,,,,,,,
간호사,看護師,,,,,,,,,,,,,,,,,,,,,,
갈등,葛藤,,,,,,,,,,,,,,,,,,,,,,
갈색,茶色,,,,,,,,,,,,,,,,,,,,,,
갈아입다,着替える,,,,,,,,,,,,,,,,,,,,,,
갈아타다,乗り換える,,,,,,,,,,,,,,,,,,,,,,
감각,感覚,,,,,,,,,,,,,,,,,,,,,,
감기,風邪,,,,,,,,,,,,,,,,,,,,,,
감다,洗う（髪を）・巻く,,,,,,,,,,,,,,,,,,,,,,
감동,感動,,,,,,,,,,,,,,,,,,,,,,
감사하다,感謝する,,,,,,,,,,,,,,,,,,,,,,
감상,感想・鑑賞,,,,,,,,,,,,,,,,,,,,,,
감소,減少,,,,,,,,,,,,,,,,,,,,,,
감옥,監獄,,,,,,,,,,,,,,,,,,,,,,
감자,じゃがいも,,,,,,,,,,,,,,,,,,,,,,
감정,感情,,,,,,,,,,,,,,,,,,,,,,
갑자기,急に,,,,,,,,,,,,,,,,,,,,,,
값,値段,,,,,,,,,,,,,,,,,,,,,,
강물,川の水,,,,,,,,,,,,,,,,,,,,,,
강아지,子犬,,,,,,,,,,,,,,,,,,,,,,
강요,強要,,,,,,,,,,,,,,,,,,,,,,
강의,講義,,,,,,,,,,,,,,,,,,,,,,
강조,強調,,,,,,,,,,,,,,,,,,,,,,
강하다,強い,,,,,,,,,,,,,,,,,,,,,,
갖추다,備える,,,,,,,,,,,,,,,,,,,,,,
같다,同じだ,,,,,,,,,,,,,,,,,,,,,,
같이,一緒に,,,,,,,,,,,,,,,,,,,,,,
개구리,カエル,,,,,,,,,,,,,,,,,,,,,,
개그맨,芸人,,,,,,,,,,,,,,,,,,,,,,
개나리,レンギョウ,,,,,,,,,,,,,,,,,,,,,,
개다,晴れる・畳む,,,,,,,,,,,,,,,,,,,,,,
개막,開幕,,,,,,,,,,,,,,,,,,,,,,
개미,アリ,,,,,,,,,,,,,,,,,,,,,,
개별,個別,,,,,,,,,,,,,,,,,,,,,,
개선,改善,,,,,,,,,,,,,,,,,,,,,,
개성,個性,,,,,,,,,,,,,,,,,,,,,,
개인,個人,,,,,,,,,,,,,,,,,,,,,,
객관적,客観的,,,,,,,,,,,,,,,,,,,,,,
거실,リビング,,,,,,,,,,,,,,,,,,,,,,
거울,鏡,,,,,,,,,,,,,,,,,,,,,,
거의,ほとんど,,,,,,,,,,,,,,,,,,,,,,
거절,拒絶,,,,,,,,,,,,,,,,,,,,,,
거짓말,嘘,,,,,,,,,,,,,,,,,,,,,,
거칠다,荒い,,,,,,,,,,,,,,,,,,,,,,
걱정,心配,,,,,,,,,,,,,,,,,,,,,,
건강,健康,,,,,,,,,,,,,,,,,,,,,,
건너가다,渡っていく,,,,,,,,,,,,,,,,,,,,,,
건너편,向かい側,,,,,,,,,,,,,,,,,,,,,,
건물,建物,,,,,,,,,,,,,,,,,,,,,,
건설,建設,,,,,,,,,,,,,,,,,,,,,,
건조하다,乾燥している,,,,,,,,,,,,,,,,,,,,,,
걷다,歩く,,,,,,,,,,,,,,,,,,,,,,
걸다,かける,,,,,,,,,,,,,,,,,,,,,,
걸리다,かかる,,,,,,,,,,,,,,,,,,,,,,
검사,検査,,,,,,,,,,,,,,,,,,,,,,
검다,黒い,,,,,,,,,,,,,,,,,,,,,,
검토,検討,,,,,,,,,,,,,,,,,,,,,,
겁,恐怖,,,,,,,,,,,,,,,,,,,,,,
겉,表面,,,,,,,,,,,,,,,,,,,,,,
게다가,そのうえ,,,,,,,,,,,,,,,,,,,,,,
게으르다,怠ける,,,,,,,,,,,,,,,,,,,,,,
겨울,冬,,,,,,,,,,,,,,,,,,,,,,
결과,結果,,,,,,,,,,,,,,,,,,,,,,
결국,結局,,,,,,,,,,,,,,,,,,,,,,
결론,結論,,,,,,,,,,,,,,,,,,,,,,
결석,欠席,,,,,,,,,,,,,,,,,,,,,,
결심,決心,,,,,,,,,,,,,,,,,,,,,,
결정,決定,,,,,,,,,,,,,,,,,,,,,,
결혼,結婚,,,,,,,,,,,,,,,,,,,,,,
경고,警告,,,,,,,,,,,,,,,,,,,,,,
경구,経口,,,,,,,,,,,,,,,,,,,,,,
경기,競技・景気,,,,,,,,,,,,,,,,,,,,,,
경력,経歴,,,,,,,,,,,,,,,,,,,,,,
경복궁,景福宮,,,,,,,,,,,,,,,,,,,,,,
경비,警備・経費,,,,,,,,,,,,,,,,,,,,,,
경영,経営,,,,,,,,,,,,,,,,,,,,,,
경우,場合,,,,,,,,,,,,,,,,,,,,,,
경쟁,競争,,,,,,,,,,,,,,,,,,,,,,
경제,経済,,,,,,,,,,,,,,,,,,,,,,
경찰,警察,,,,,,,,,,,,,,,,,,,,,,
경치,景色,,,,,,,,,,,,,,,,,,,,,,
경험,経験,,,,,,,,,,,,,,,,,,,,,,
계단,階段,,,,,,,,,,,,,,,,,,,,,,
계란,卵,,,,,,,,,,,,,,,,,,,,,,
계산,計算,,,,,,,,,,,,,,,,,,,,,,
계속,継続,,,,,,,,,,,,,,,,,,,,,,
계획,計画,,,,,,,,,,,,,,,,,,,,,,
고개,頭・首,,,,,,,,,,,,,,,,,,,,,,
고객,顧客,,,,,,,,,,,,,,,,,,,,,,
고구마,さつまいも,,,,,,,,,,,,,,,,,,,,,,
고급,高級,,,,,,,,,,,,,,,,,,,,,,
고기,肉,,,,,,,,,,,,,,,,,,,,,,
고다,煮込む,,,,,,,,,,,,,,,,,,,,,,
고등학교,高校,,,,,,,,,,,,,,,,,,,,,,
고등학생,高校生,,,,,,,,,,,,,,,,,,,,,,
고등어,サバ,,,,,,,,,,,,,,,,,,,,,,
고려,考慮,,,,,,,,,,,,,,,,,,,,,,
고맙다,ありがたい,,,,,,,,,,,,,,,,,,,,,,
고민,悩み,,,,,,,,,,,,,,,,,,,,,,
고백,告白,,,,,,,,,,,,,,,,,,,,,,
고생,苦労,,,,,,,,,,,,,,,,,,,,,,
고소하다,香ばしい,,,,,,,,,,,,,,,,,,,,,,
고치다,直す,,,,,,,,,,,,,,,,,,,,,,
고통,苦痛,,,,,,,,,,,,,,,,,,,,,,
고향,故郷,,,,,,,,,,,,,,,,,,,,,,
곳,場所,,,,,,,,,,,,,,,,,,,,,,
공격,攻撃,,,,,,,,,,,,,,,,,,,,,,
공공,公共,,,,,,,,,,,,,,,,,,,,,,
공급,供給,,,,,,,,,,,,,,,,,,,,,,
공기,空気,,,,,,,,,,,,,,,,,,,,,,
공동,共同,,,,,,,,,,,,,,,,,,,,,,
공부,勉強,,,,,,,,,,,,,,,,,,,,,,
공연,公演,,,,,,,,,,,,,,,,,,,,,,
공원,公園,,,,,,,,,,,,,,,,,,,,,,
공장,工場,,,,,,,,,,,,,,,,,,,,,,
공짜,タダ,,,,,,,,,,,,,,,,,,,,,,
공책,ノート,,,,,,,,,,,,,,,,,,,,,,
공항,空港,,,,,,,,,,,,,,,,,,,,,,
공휴일,公休日,,,,,,,,,,,,,,,,,,,,,,
과거,過去,,,,,,,,,,,,,,,,,,,,,,
과일,果実,,,,,,,,,,,,,,,,,,,,,,
과장,課長・誇張,,,,,,,,,,,,,,,,,,,,,,
과학,科学,,,,,,,,,,,,,,,,,,,,,,
관계,関係,,,,,,,,,,,,,,,,,,,,,,
관광,観光,,,,,,,,,,,,,,,,,,,,,,
관객,観客,,,,,,,,,,,,,,,,,,,,,,
관련,関連,,,,,,,,,,,,,,,,,,,,,,
관리,管理,,,,,,,,,,,,,,,,,,,,,,
관심,関心,,,,,,,,,,,,,,,,,,,,,,
관찰,観察,,,,,,,,,,,,,,,,,,,,,,
광고,広告,,,,,,,,,,,,,,,,,,,,,,
광장,広場,,,,,,,,,,,,,,,,,,,,,,
괜찮다,大丈夫だ,,,,,,,,,,,,,,,,,,,,,,
괴롭다,苦しい,,,,,,,,,,,,,,,,,,,,,,
교과서,教科書,,,,,,,,,,,,,,,,,,,,,,
교실,教室,,,,,,,,,,,,,,,,,,,,,,
교수,教授,,,,,,,,,,,,,,,,,,,,,,
교육,教育,,,,,,,,,,,,,,,,,,,,,,
교환,交換,,,,,,,,,,,,,,,,,,,,,,
구경,見物,,,,,,,,,,,,,,,,,,,,,,
구두,靴,,,,,,,,,,,,,,,,,,,,,,
구르다,転がる,,,,,,,,,,,,,,,,,,,,,,
구름,雲,,,,,,,,,,,,,,,,,,,,,,
구멍,穴,,,,,,,,,,,,,,,,,,,,,,
구별,区別,,,,,,,,,,,,,,,,,,,,,,
구구,九九,,,,,,,,,,,,,,,,,,,,,,
구석,隅,,,,,,,,,,,,,,,,,,,,,,
구성,構成,,,,,,,,,,,,,,,,,,,,,,
구속,拘束,,,,,,,,,,,,,,,,,,,,,,
구입,購入,,,,,,,,,,,,,,,,,,,,,,
구조,構造,,,,,,,,,,,,,,,,,,,,,,
구하다,求める・助ける,,,,,,,,,,,,,,,,,,,,,,
국가,国家,,,,,,,,,,,,,,,,,,,,,,
국내,国内,,,,,,,,,,,,,,,,,,,,,,
국수,麺,,,,,,,,,,,,,,,,,,,,,,
국제,国際,,,,,,,,,,,,,,,,,,,,,,
군대,軍隊,,,,,,,,,,,,,,,,,,,,,,
굳다,固まる,,,,,,,,,,,,,,,,,,,,,,
굴,牡蠣・トンネル,,,,,,,,,,,,,,,,,,,,,,
굵다,太い,,,,,,,,,,,,,,,,,,,,,,
궁금하다,気になる,,,,,,,,,,,,,,,,,,,,,,
권리,権利,,,,,,,,,,,,,,,,,,,,,,
귀,耳,,,,,,,,,,,,,,,,,,,,,,
귀가,帰宅,,,,,,,,,,,,,,,,,,,,,,
귀국,帰国,,,,,,,,,,,,,,,,,,,,,,
귀찮다,面倒だ,,,,,,,,,,,,,,,,,,,,,,
귀하다,珍しい・貴い,,,,,,,,,,,,,,,,,,,,,,
규정,規定,,,,,,,,,,,,,,,,,,,,,,
규칙,規則,,,,,,,,,,,,,,,,,,,,,,
귤,みかん,,,,,,,,,,,,,,,,,,,,,,
그냥,そのまま,,,,,,,,,,,,,,,,,,,,,,
그늘,影,,,,,,,,,,,,,,,,,,,,,,
그다지,それほど,,,,,,,,,,,,,,,,,,,,,,
그대,あなた,,,,,,,,,,,,,,,,,,,,,,
그대로,そのまま,,,,,,,,,,,,,,,,,,,,,,
그동안,その間,,,,,,,,,,,,,,,,,,,,,,
그때,その時,,,,,,,,,,,,,,,,,,,,,,
그래도,それでも,,,,,,,,,,,,,,,,,,,,,,
그래서,それで,,,,,,,,,,,,,,,,,,,,,,
그래픽,グラフィック,,,,,,,,,,,,,,,,,,,,,,
그러니까,だから,,,,,,,,,,,,,,,,,,,,,,
그러면,それでは,,,,,,,,,,,,,,,,,,,,,,
그럼,では,,,,,,,,,,,,,,,,,,,,,,
그렇게,そのように,,,,,,,,,,,,,,,,,,,,,,
그릇,器,,,,,,,,,,,,,,,,,,,,,,
그리다,描く,,,,,,,,,,,,,,,,,,,,,,
그리워하다,恋しがる,,,,,,,,,,,,,,,,,,,,,,
그림,絵,,,,,,,,,,,,,,,,,,,,,,
그립다,恋しい,,,,,,,,,,,,,,,,,,,,,,
그만,それくらいで,,,,,,,,,,,,,,,,,,,,,,
그만두다,辞める,,,,,,,,,,,,,,,,,,,,,,
그만하다,やめる,,,,,,,,,,,,,,,,,,,,,,
그저,ただ,,,,,,,,,,,,,,,,,,,,,,
그제야,やっと,,,,,,,,,,,,,,,,,,,,,,
그치다,止む,,,,,,,,,,,,,,,,,,,,,,
근거,根拠,,,,,,,,,,,,,,,,,,,,,,
근무,勤務,,,,,,,,,,,,,,,,,,,,,,
근본,根本,,,,,,,,,,,,,,,,,,,,,,
근처,近所,,,,,,,,,,,,,,,,,,,,,,
글,文章,,,,,,,,,,,,,,,,,,,,,,
글쎄요,さあ,,,,,,,,,,,,,,,,,,,,,,
금금하다,気をもむ,,,,,,,,,,,,,,,,,,,,,,
금년,今年,,,,,,,,,,,,,,,,,,,,,,
금방,すぐ,,,,,,,,,,,,,,,,,,,,,,
금액,金額,,,,,,,,,,,,,,,,,,,,,,
금연,禁煙,,,,,,,,,,,,,,,,,,,,,,
금요일,金曜日,,,,,,,,,,,,,,,,,,,,,,
금지,禁止,,,,,,,,,,,,,,,,,,,,,,
급하다,急だ,,,,,,,,,,,,,,,,,,,,,,
기계,機械,,,,,,,,,,,,,,,,,,,,,,
기념품,記念品,,,,,,,,,,,,,,,,,,,,,,
기다리다,待つ,,,,,,,,,,,,,,,,,,,,,,
기대,期待,,,,,,,,,,,,,,,,,,,,,,
기도,祈祷,,,,,,,,,,,,,,,,,,,,,,
기록,記録,,,,,,,,,,,,,,,,,,,,,,
기름,油,,,,,,,,,,,,,,,,,,,,,,
기부,寄付,,,,,,,,,,,,,,,,,,,,,,
기분,気分,,,,,,,,,,,,,,,,,,,,,,
기사,記事・技師,,,,,,,,,,,,,,,,,,,,,,
가수,歌手,,,,,,,,,,,,,,,,,,,,,,
기억,記憶,,,,,,,,,,,,,,,,,,,,,,
기온,気温,,,,,,,,,,,,,,,,,,,,,,
기운,元気,,,,,,,,,,,,,,,,,,,,,,
기울이다,傾ける,,,,,,,,,,,,,,,,,,,,,,
기준,基準,,,,,,,,,,,,,,,,,,,,,,
기차,汽車,,,,,,,,,,,,,,,,,,,,,,
기초,基礎,,,,,,,,,,,,,,,,,,,,,,
기타,ギター・その他,,,,,,,,,,,,,,,,,,,,,,
기회,機会,,,,,,,,,,,,,,,,,,,,,,
기후,気候,,,,,,,,,,,,,,,,,,,,,,
긴장,緊張,,,,,,,,,,,,,,,,,,,,,,
길,道,,,,,,,,,,,,,,,,,,,,,,
길다,長い,,,,,,,,,,,,,,,,,,,,,,
길이,長さ,,,,,,,,,,,,,,,,,,,,,,
김치,キムチ,,,,,,,,,,,,,,,,,,,,,,
깊다,深い,,,,,,,,,,,,,,,,,,,,,,
까다롭다,気難しい,,,,,,,,,,,,,,,,,,,,,,
깎다,削る・値切る,,,,,,,,,,,,,,,,,,,,,,
깜짝,びっくり,,,,,,,,,,,,,,,,,,,,,,
깨끗하다,綺麗だ,,,,,,,,,,,,,,,,,,,,,,
깨다,覚める・割る,,,,,,,,,,,,,,,,,,,,,,
깨닫다,悟る,,,,,,,,,,,,,,,,,,,,,,
꺼내다,取り出す,,,,,,,,,,,,,,,,,,,,,,
껌,ガム,,,,,,,,,,,,,,,,,,,,,,
꼭,必ず,,,,,,,,,,,,,,,,,,,,,,
꽃,花,,,,,,,,,,,,,,,,,,,,,,
꽃다발,花束,,,,,,,,,,,,,,,,,,,,,,
꽃집,花屋,,,,,,,,,,,,,,,,,,,,,,
꾸다,（夢を）見る・借りる,,,,,,,,,,,,,,,,,,,,,,
꾸미다,飾る,,,,,,,,,,,,,,,,,,,,,,
꿈,夢,,,,,,,,,,,,,,,,,,,,,,
끄다,消す,,,,,,,,,,,,,,,,,,,,,,
끊다,切る,,,,,,,,,,,,,,,,,,,,,,
끌다,引く,,,,,,,,,,,,,,,,,,,,,,
끓다,沸く,,,,,,,,,,,,,,,,,,,,,,
끓이다,沸かす,,,,,,,,,,,,,,,,,,,,,,
끝,終わり,,,,,,,,,,,,,,,,,,,,,,
끝나다,終わる,,,,,,,,,,,,,,,,,,,,,,
끼다,はめる・挟まる,,,,,,,,,,,,,,,,,,,,,,
나다,出る,,,,,,,,,,,,,,,,,,,,,,
나라,国,,,,,,,,,,,,,,,,,,,,,,
나머지,残り,,,,,,,,,,,,,,,,,,,,,,
나무,木,,,,,,,,,,,,,,,,,,,,,,
나쁘다,悪い,,,,,,,,,,,,,,,,,,,,,,
나오다,出てくる,,,,,,,,,,,,,,,,,,,,,,
나이,年齢,,,,,,,,,,,,,,,,,,,,,,
나중,後,,,,,,,,,,,,,,,,,,,,,,
나타나다,現れる,,,,,,,,,,,,,,,,,,,,,,
나타내다,表す,,,,,,,,,,,,,,,,,,,,,,
날,日,,,,,,,,,,,,,,,,,,,,,,
날개,翼,,,,,,,,,,,,,,,,,,,,,,
날다,飛ぶ,,,,,,,,,,,,,,,,,,,,,,
날씨,天気,,,,,,,,,,,,,,,,,,,,,,
날씬하다,ほっそりしている,,,,,,,,,,,,,,,,,,,,,,
날짜,日付,,,,,,,,,,,,,,,,,,,,,,
남기다,残す,,,,,,,,,,,,,,,,,,,,,,
남녀,男女,,,,,,,,,,,,,,,,,,,,,,
남다,残る,,,,,,,,,,,,,,,,,,,,,,
남대문,南大門,,,,,,,,,,,,,,,,,,,,,,
남동생,弟,,,,,,,,,,,,,,,,,,,,,,
남부,南部,,,,,,,,,,,,,,,,,,,,,,
남산,南山,,,,,,,,,,,,,,,,,,,,,,
남성,男性,,,,,,,,,,,,,,,,,,,,,,
남쪽,南,,,,,,,,,,,,,,,,,,,,,,
남편,夫,,,,,,,,,,,,,,,,,,,,,,
남학생,男子学生,,,,,,,,,,,,,,,,,,,,,,
낮,昼,,,,,,,,,,,,,,,,,,,,,,
낮다,低い,,,,,,,,,,,,,,,,,,,,,,
낮잠,昼寝,,,,,,,,,,,,,,,,,,,,,,
낳다,産む,,,,,,,,,,,,,,,,,,,,,,
내,内,,,,,,,,,,,,,,,,,,,,,,
내과,内科,,,,,,,,,,,,,,,,,,,,,,
내내,ずっと,,,,,,,,,,,,,,,,,,,,,,
내다,出す,,,,,,,,,,,,,,,,,,,,,,
내려가다,降りていく,,,,,,,,,,,,,,,,,,,,,,
내려오다,降りてくる,,,,,,,,,,,,,,,,,,,,,,
내용,内容,,,,,,,,,,,,,,,,,,,,,,
내일,明日,,,,,,,,,,,,,,,,,,,,,,
냄새,匂い,,,,,,,,,,,,,,,,,,,,,,
냉면,冷麺,,,,,,,,,,,,,,,,,,,,,,
냉장고,冷蔵庫,,,,,,,,,,,,,,,,,,,,,,
너,君,,,,,,,,,,,,,,,,,,,,,,
너무,あまりに,,,,,,,,,,,,,,,,,,,,,,
넓다,広い,,,,,,,,,,,,,,,,,,,,,,
넘다,越える,,,,,,,,,,,,,,,,,,,,,,
넘어지다,転ぶ,,,,,,,,,,,,,,,,,,,,,,
넣다,入れる,,,,,,,,,,,,,,,,,,,,,,
네,はい,,,,,,,,,,,,,,,,,,,,,,
넥타이,ネクタイ,,,,,,,,,,,,,,,,,,,,,,
넷,4つ,,,,,,,,,,,,,,,,,,,,,,
노래,歌,,,,,,,,,,,,,,,,,,,,,,
노력,努力,,,,,,,,,,,,,,,,,,,,,,
노란색,黄色,,,,,,,,,,,,,,,,,,,,,,
노랗다,黄色い,,,,,,,,,,,,,,,,,,,,,,
노인,老人,,,,,,,,,,,,,,,,,,,,,,
노트,ノート,,,,,,,,,,,,,,,,,,,,,,
녹색,緑色,,,,,,,,,,,,,,,,,,,,,,
녹차,緑茶,,,,,,,,,,,,,,,,,,,,,,
놀다,遊ぶ,,,,,,,,,,,,,,,,,,,,,,
놀라다,驚く,,,,,,,,,,,,,,,,,,,,,,
놀이,遊び,,,,,,,,,,,,,,,,,,,,,,
농구,バスケットボール,,,,,,,,,,,,,,,,,,,,,,
농담,冗談,,,,,,,,,,,,,,,,,,,,,,
농사,農業,,,,,,,,,,,,,,,,,,,,,,
높다,高い,,,,,,,,,,,,,,,,,,,,,,
높이,高さ,,,,,,,,,,,,,,,,,,,,,,
놓다,置く,,,,,,,,,,,,,,,,,,,,,,
놓치다,逃す,,,,,,,,,,,,,,,,,,,,,,
누구,誰,,,,,,,,,,,,,,,,,,,,,,
누나,姉（弟から）,,,,,,,,,,,,,,,,,,,,,,
누르다,押す,,,,,,,,,,,,,,,,,,,,,,
눈,目・雪,,,,,,,,,,,,,,,,,,,,,,
눈물,涙,,,,,,,,,,,,,,,,,,,,,,
눈썹,眉毛,,,,,,,,,,,,,,,,,,,,,,
눕다,横たわる,,,,,,,,,,,,,,,,,,,,,,
느끼다,感じる,,,,,,,,,,,,,,,,,,,,,,
느낌,感じ,,,,,,,,,,,,,,,,,,,,,,
느리다,遅い,,,,,,,,,,,,,,,,,,,,,,
늘,いつも,,,,,,,,,,,,,,,,,,,,,,
늘다,伸びる・増える,,,,,,,,,,,,,,,,,,,,,,
늘어나다,増える,,,,,,,,,,,,,,,,,,,,,,
늙다,老いる,,,,,,,,,,,,,,,,,,,,,,
능력,能力,,,,,,,,,,,,,,,,,,,,,,
늦다,遅れる,,,,,,,,,,,,,,,,,,,,,,
늦잠,寝坊,,,,,,,,,,,,,,,,,,,,,,
다,全部,,,,,,,,,,,,,,,,,,,,,,
다가오다,近づく,,,,,,,,,,,,,,,,,,,,,,
다녀오다,行ってくる,,,,,,,,,,,,,,,,,,,,,,
다니다,通う,,,,,,,,,,,,,,,,,,,,,,
다르다,違う,,,,,,,,,,,,,,,,,,,,,,
다리,脚・橋,,,,,,,,,,,,,,,,,,,,,,
다섯,5つ,,,,,,,,,,,,,,,,,,,,,,
다수,多数,,,,,,,,,,,,,,,,,,,,,,
다시,また,,,,,,,,,,,,,,,,,,,,,,
다양하다,多様だ,,,,,,,,,,,,,,,,,,,,,,
다음,次,,,,,,,,,,,,,,,,,,,,,,
다이어트,ダイエット,,,,,,,,,,,,,,,,,,,,,,
다행이다,幸いだ,,,,,,,,,,,,,,,,,,,,,,
닥치다,迫る,,,,,,,,,,,,,,,,,,,,,,
닦다,磨く,,,,,,,,,,,,,,,,,,,,,,
단각,単独,,,,,,,,,,,,,,,,,,,,,,
단결,団結,,,,,,,,,,,,,,,,,,,,,,
단계,段階,,,,,,,,,,,,,,,,,,,,,,
단국,単一,,,,,,,,,,,,,,,,,,,,,,
단순하다,単純だ,,,,,,,,,,,,,,,,,,,,,,
단어,単語,,,,,,,,,,,,,,,,,,,,,,
단점,短所,,,,,,,,,,,,,,,,,,,,,,
단체,団体,,,,,,,,,,,,,,,,,,,,,,
닫다,閉める,,,,,,,,,,,,,,,,,,,,,,
달,月,,,,,,,,,,,,,,,,,,,,,,
달다,甘い,,,,,,,,,,,,,,,,,,,,,,
달라지다,変わる,,,,,,,,,,,,,,,,,,,,,,
달력,カレンダー,,,,,,,,,,,,,,,,,,,,,,
달리기,走ること,,,,,,,,,,,,,,,,,,,,,,
달리다,走る,,,,,,,,,,,,,,,,,,,,,,
달콤하다,甘い,,,,,,,,,,,,,,,,,,,,,,
닮다,似ている,,,,,,,,,,,,,,,,,,,,,,
담다,盛る,,,,,,,,,,,,,,,,,,,,,,
담배,タバコ,,,,,,,,,,,,,,,,,,,,,,
답장,返事,,,,,,,,,,,,,,,,,,,,,,
당연하다,当然だ,,,,,,,,,,,,,,,,,,,,,,
당장,すぐ,,,,,,,,,,,,,,,,,,,,,,
당황하다,慌てる,,,,,,,,,,,,,,,,,,,,,,
닿다,届く,,,,,,,,,,,,,,,,,,,,,,
대각,対角,,,,,,,,,,,,,,,,,,,,,,
대단하다,すごい,,,,,,,,,,,,,,,,,,,,,,
대답,答え,,,,,,,,,,,,,,,,,,,,,,
대량,大量,,,,,,,,,,,,,,,,,,,,,,
대륙,大陸,,,,,,,,,,,,,,,,,,,,,,
대부분,大部分,,,,,,,,,,,,,,,,,,,,,,
대사,台詞・大使,,,,,,,,,,,,,,,,,,,,,,
대상,対象,,,,,,,,,,,,,,,,,,,,,,
대신,代わり,,,,,,,,,,,,,,,,,,,,,,
대우,待遇,,,,,,,,,,,,,,,,,,,,,,
대웅,対応,,,,,,,,,,,,,,,,,,,,,,
대중,大衆,,,,,,,,,,,,,,,,,,,,,,
대책,対策,,,,,,,,,,,,,,,,,,,,,,
대통령,大統領,,,,,,,,,,,,,,,,,,,,,,
대표,代表,,,,,,,,,,,,,,,,,,,,,,
대하다,対する,,,,,,,,,,,,,,,,,,,,,,
대화,対話,,,,,,,,,,,,,,,,,,,,,,
대회,大会,,,,,,,,,,,,,,,,,,,,,,
댁,お宅,,,,,,,,,,,,,,,,,,,,,,
더,もっと,,,,,,,,,,,,,,,,,,,,,,
더럽다,汚い,,,,,,,,,,,,,,,,,,,,,,
덕분에,おかげで,,,,,,,,,,,,,,,,,,,,,,
던지다,投げる,,,,,,,,,,,,,,,,,,,,,,
덜,あまり～ない,,,,,,,,,,,,,,,,,,,,,,
덥다,暑い,,,,,,,,,,,,,,,,,,,,,,
데려다주다,送ってあげる,,,,,,,,,,,,,,,,,,,,,,
데리다,連れる,,,,,,,,,,,,,,,,,,,,,,
도구,道具,,,,,,,,,,,,,,,,,,,,,,
도대체,一体,,,,,,,,,,,,,,,,,,,,,,
도둑,泥棒,,,,,,,,,,,,,,,,,,,,,,
도로,道路,,,,,,,,,,,,,,,,,,,,,,
도서관,図書館,,,,,,,,,,,,,,,,,,,,,,
도시,都市,,,,,,,,,,,,,,,,,,,,,,
도시락,お弁当,,,,,,,,,,,,,,,,,,,,,,
도움,助け,,,,,,,,,,,,,,,,,,,,,,
도와주다,助けてあげる,,,,,,,,,,,,,,,,,,,,,,
도착,到着,,,,,,,,,,,,,,,,,,,,,,
독서,読書,,,,,,,,,,,,,,,,,,,,,,
독일,ドイツ,,,,,,,,,,,,,,,,,,,,,,
독특하다,独特だ,,,,,,,,,,,,,,,,,,,,,,
돈,お金,,,,,,,,,,,,,,,,,,,,,,
돌,石,,,,,,,,,,,,,,,,,,,,,,
돌다,回る,,,,,,,,,,,,,,,,,,,,,,
돌려주다,返す,,,,,,,,,,,,,,,,,,,,,,
돌아오다,戻ってくる,,,,,,,,,,,,,,,,,,,,,,
돕다,助ける,,,,,,,,,,,,,,,,,,,,,,
동네,近所,,,,,,,,,,,,,,,,,,,,,,
동료,同僚,,,,,,,,,,,,,,,,,,,,,,
동물,動物,,,,,,,,,,,,,,,,,,,,,,
동물원,動物園,,,,,,,,,,,,,,,,,,,,,,
동생,弟・妹,,,,,,,,,,,,,,,,,,,,,,
동시,同時,,,,,,,,,,,,,,,,,,,,,,
동아리,サークル,,,,,,,,,,,,,,,,,,,,,,
동양,東洋,,,,,,,,,,,,,,,,,,,,,,
동요,動揺・童謡,,,,,,,,,,,,,,,,,,,,,,
동의,同意,,,,,,,,,,,,,,,,,,,,,,
동작,動作,,,,,,,,,,,,,,,,,,,,,,
동전,硬貨,,,,,,,,,,,,,,,,,,,,,,
동쪽,東,,,,,,,,,,,,,,,,,,,,,,
동화,童話,,,,,,,,,,,,,,,,,,,,,,
돼지,豚,,,,,,,,,,,,,,,,,,,,,,
돼지고기,豚肉,,,,,,,,,,,,,,,,,,,,,,
되다,なる,,,,,,,,,,,,,,,,,,,,,,
두,2つの,,,,,,,,,,,,,,,,,,,,,,
두껍다,厚い,,,,,,,,,,,,,,,,,,,,,,
두드러지다,目立つ,,,,,,,,,,,,,,,,,,,,,,
두드러기,蕁麻疹,,,,,,,,,,,,,,,,,,,,,,
두렵다,恐ろしい,,,,,,,,,,,,,,,,,,,,,,
두루,あまねく,,,,,,,,,,,,,,,,,,,,,,
두르다,巻く,,,,,,,,,,,,,,,,,,,,,,
두리번거리다,きょろきょろする,,,,,,,,,,,,,,,,,,,,,,
두부,豆腐,,,,,,,,,,,,,,,,,,,,,,
두통,頭痛,,,,,,,,,,,,,,,,,,,,,,
둘,2つ,,,,,,,,,,,,,,,,,,,,,,
뒤,後ろ,,,,,,,,,,,,,,,,,,,,,,
뒤쪽,後ろ側,,,,,,,,,,,,,,,,,,,,,,
드디어,ついに,,,,,,,,,,,,,,,,,,,,,,
드라마,ドラマ,,,,,,,,,,,,,,,,,,,,,,
드러나다,現れる,,,,,,,,,,,,,,,,,,,,,,
드물다,稀だ,,,,,,,,,,,,,,,,,,,,,,
들다,持つ・入る,,,,,,,,,,,,,,,,,,,,,,
들르다,立ち寄る,,,,,,,,,,,,,,,,,,,,,,
들리다,聞こえる,,,,,,,,,,,,,,,,,,,,,,
들어가다,入っていく,,,,,,,,,,,,,,,,,,,,,,
들어오다,入ってくる,,,,,,,,,,,,,,,,,,,,,,
들이다,入れる,,,,,,,,,,,,,,,,,,,,,,
등,背中・～など,,,,,,,,,,,,,,,,,,,,,,
등산,登山,,,,,,,,,,,,,,,,,,,,,,
등록,登録,,,,,,,,,,,,,,,,,,,,,,
등장,登場,,,,,,,,,,,,,,,,,,,,,,
디자인,デザイン,,,,,,,,,,,,,,,,,,,,,,
따라가다,ついていく,,,,,,,,,,,,,,,,,,,,,,
따라오다,ついてくる,,,,,,,,,,,,,,,,,,,,,,
따로,別に,,,,,,,,,,,,,,,,,,,,,,
따뜻하다,暖かい,,,,,,,,,,,,,,,,,,,,,,
딸,娘,,,,,,,,,,,,,,,,,,,,,,
딸기,いちご,,,,,,,,,,,,,,,,,,,,,,
땀,汗,,,,,,,,,,,,,,,,,,,,,,
때,時,,,,,,,,,,,,,,,,,,,,,,
때리다,殴る,,,,,,,,,,,,,,,,,,,,,,
떠나다,去る,,,,,,,,,,,,,,,,,,,,,,
떠들다,騒ぐ,,,,,,,,,,,,,,,,,,,,,,
떠오르다,思い浮かぶ,,,,,,,,,,,,,,,,,,,,,,
떡,餅,,,,,,,,,,,,,,,,,,,,,,
떡볶이,トッポギ,,,,,,,,,,,,,,,,,,,,,,
떨어지다,落ちる,,,,,,,,,,,,,,,,,,,,,,
똑똑하다,賢い,,,,,,,,,,,,,,,,,,,,,,
똑바로,真っ直ぐ,,,,,,,,,,,,,,,,,,,,,,
뚱뚱하다,太っている,,,,,,,,,,,,,,,,,,,,,,
뛰다,走る・跳ねる,,,,,,,,,,,,,,,,,,,,,,
뜨겁다,熱い,,,,,,,,,,,,,,,,,,,,,,
뜨다,浮く・（目を）開ける,,,,,,,,,,,,,,,,,,,,,,
뜻,意味,,,,,,,,,,,,,,,,,,,,,,
라디오,ラジオ,,,,,,,,,,,,,,,,,,,,,,
라면,ラーメン,,,,,,,,,,,,,,,,,,,,,,
러시아,ロシア,,,,,,,,,,,,,,,,,,,,,,
레몬,レモン,,,,,,,,,,,,,,,,,,,,,,
로그인,ログイン,,,,,,,,,,,,,,,,,,,,,,
마구,むやみに,,,,,,,,,,,,,,,,,,,,,,
마나,漫画,,,,,,,,,,,,,,,,,,,,,,
마당,庭,,,,,,,,,,,,,,,,,,,,,,
마디,節・言葉,,,,,,,,,,,,,,,,,,,,,,
마루,床,,,,,,,,,,,,,,,,,,,,,,
마무리,仕上げ,,,,,,,,,,,,,,,,,,,,,,
마음,心,,,,,,,,,,,,,,,,,,,,,,
마지막,最後,,,,,,,,,,,,,,,,,,,,,,
마치,まるで,,,,,,,,,,,,,,,,,,,,,,
마치다,終える,,,,,,,,,,,,,,,,,,,,,,
마시다,飲む,,,,,,,,,,,,,,,,,,,,,,
마을,村,,,,,,,,,,,,,,,,,,,,,,
마음껏,思う存分,,,,,,,,,,,,,,,,,,,,,,
마찰,摩擦,,,,,,,,,,,,,,,,,,,,,,
마침,あいにく・ちょうど,,,,,,,,,,,,,,,,,,,,,,
마침내,ついに,,,,,,,,,,,,,,,,,,,,,,
막,たった今,,,,,,,,,,,,,,,,,,,,,,
막내,末っ子,,,,,,,,,,,,,,,,,,,,,,
막다,防ぐ,,,,,,,,,,,,,,,,,,,,,,
막히다,詰まる,,,,,,,,,,,,,,,,,,,,,,
만나다,会う,,,,,,,,,,,,,,,,,,,,,,
만들다,作る,,,,,,,,,,,,,,,,,,,,,,
만약,もし,,,,,,,,,,,,,,,,,,,,,,
만족,満足,,,,,,,,,,,,,,,,,,,,,,
만지다,触る,,,,,,,,,,,,,,,,,,,,,,
만화,漫画,,,,,,,,,,,,,,,,,,,,,,
많다,多い,,,,,,,,,,,,,,,,,,,,,,
많이,たくさん,,,,,,,,,,,,,,,,,,,,,,
말,言葉・馬,,,,,,,,,,,,,,,,,,,,,,
말씀,お言葉（敬語）,,,,,,,,,,,,,,,,,,,,,,
말투,言葉遣い,,,,,,,,,,,,,,,,,,,,,,
맑다,晴れている,,,,,,,,,,,,,,,,,,,,,,
맛,味,,,,,,,,,,,,,,,,,,,,,,
맛있다,美味しい,,,,,,,,,,,,,,,,,,,,,,
맞다,合う・正しい,,,,,,,,,,,,,,,,,,,,,,
맞다,殴られる,,,,,,,,,,,,,,,,,,,,,,
맞추다,合わせる,,,,,,,,,,,,,,,,,,,,,,
맡기다,預ける,,,,,,,,,,,,,,,,,,,,,,
맡다,預かる・嗅ぐ,,,,,,,,,,,,,,,,,,,,,,
매달,毎月,,,,,,,,,,,,,,,,,,,,,,
매일,毎日,,,,,,,,,,,,,,,,,,,,,,
매장,売り場,,,,,,,,,,,,,,,,,,,,,,
매주,毎週,,,,,,,,,,,,,,,,,,,,,,
맥주,ビール,,,,,,,,,,,,,,,,,,,,,,
머리,頭,,,,,,,,,,,,,,,,,,,,,,
먹다,食べる,,,,,,,,,,,,,,,,,,,,,,
먼저,先に,,,,,,,,,,,,,,,,,,,,,,
멀다,遠い,,,,,,,,,,,,,,,,,,,,,,
멀리,遠くに,,,,,,,,,,,,,,,,,,,,,,
멈추다,止まる,,,,,,,,,,,,,,,,,,,,,,
멋있다,かっこいい,,,,,,,,,,,,,,,,,,,,,,
메뉴,メニュー,,,,,,,,,,,,,,,,,,,,,,
메모,メモ,,,,,,,,,,,,,,,,,,,,,,
메일,メール,,,,,,,,,,,,,,,,,,,,,,
며칠,数日,,,,,,,,,,,,,,,,,,,,,,
명절,名節,,,,,,,,,,,,,,,,,,,,,,
몇,いくつか,,,,,,,,,,,,,,,,,,,,,,
모니터,モニター,,,,,,,,,,,,,,,,,,,,,,
모두,みんな,,,,,,,,,,,,,,,,,,,,,,
모르다,知らない,,,,,,,,,,,,,,,,,,,,,,
모습,姿,,,,,,,,,,,,,,,,,,,,,,
모양,形,,,,,,,,,,,,,,,,,,,,,,
모으다,集める,,,,,,,,,,,,,,,,,,,,,,
모이다,集まる,,,,,,,,,,,,,,,,,,,,,,
모임,集まり,,,,,,,,,,,,,,,,,,,,,,
모자,帽子,,,,,,,,,,,,,,,,,,,,,,
모자라다,足りない,,,,,,,,,,,,,,,,,,,,,,
목,首,,,,,,,,,,,,,,,,,,,,,,
목소리,声,,,,,,,,,,,,,,,,,,,,,,
목요일,木曜日,,,,,,,,,,,,,,,,,,,,,,
목욕,お風呂,,,,,,,,,,,,,,,,,,,,,,
목적,目的,,,,,,,,,,,,,,,,,,,,,,
목표,目標,,,,,,,,,,,,,,,,,,,,,,
몸,体,,,,,,,,,,,,,,,,,,,,,,
못,できない,,,,,,,,,,,,,,,,,,,,,,
무게,重さ,,,,,,,,,,,,,,,,,,,,,,
무구,無垢,,,,,,,,,,,,,,,,,,,,,,
무궁화,ムクゲ,,,,,,,,,,,,,,,,,,,,,,
무대,舞台,,,,,,,,,,,,,,,,,,,,,,
무덥다,蒸し暑い,,,,,,,,,,,,,,,,,,,,,,
무릎,膝,,,,,,,,,,,,,,,,,,,,,,
무료,無料,,,,,,,,,,,,,,,,,,,,,,
무서워하다,怖がる,,,,,,,,,,,,,,,,,,,,,,
무섭다,怖い,,,,,,,,,,,,,,,,,,,,,,
무시,無視,,,,,,,,,,,,,,,,,,,,,,
무슨,何の,,,,,,,,,,,,,,,,,,,,,,
무식,無知,,,,,,,,,,,,,,,,,,,,,,
무엇,何,,,,,,,,,,,,,,,,,,,,,,
무용,舞踊,,,,,,,,,,,,,,,,,,,,,,
무척,とても,,,,,,,,,,,,,,,,,,,,,,
문,門・ドア,,,,,,,,,,,,,,,,,,,,,,
문구,文句,,,,,,,,,,,,,,,,,,,,,,
문득,ふと,,,,,,,,,,,,,,,,,,,,,,
문제,問題,,,,,,,,,,,,,,,,,,,,,,
문화,文化,,,,,,,,,,,,,,,,,,,,,,
묻다,尋ねる,,,,,,,,,,,,,,,,,,,,,,
물,水,,,,,,,,,,,,,,,,,,,,,,
물건,品物,,,,,,,,,,,,,,,,,,,,,,
물결,波,,,,,,,,,,,,,,,,,,,,,,
물고기,魚,,,,,,,,,,,,,,,,,,,,,,
물다,噛む,,,,,,,,,,,,,,,,,,,,,,
물론,もちろん,,,,,,,,,,,,,,,,,,,,,,
물리다,噛まれる,,,,,,,,,,,,,,,,,,,,,,
물어보다,聞いてみる,,,,,,,,,,,,,,,,,,,,,,
물질,物質,,,,,,,,,,,,,,,,,,,,,,
미국,アメリカ,,,,,,,,,,,,,,,,,,,,,,
미래,未来,,,,,,,,,,,,,,,,,,,,,,
미루다,延ばす,,,,,,,,,,,,,,,,,,,,,,
미리,あらかじめ,,,,,,,,,,,,,,,,,,,,,,
미술,美術,,,,,,,,,,,,,,,,,,,,,,
미소,微笑,,,,,,,,,,,,,,,,,,,,,,
미안하다,申し訳ない,,,,,,,,,,,,,,,,,,,,,,
미인,美人,,,,,,,,,,,,,,,,,,,,,,
미적,美的,,,,,,,,,,,,,,,,,,,,,,
미치다,及ぶ・狂う,,,,,,,,,,,,,,,,,,,,,,
믿다,信じる,,,,,,,,,,,,,,,,,,,,,,
밀다,押す,,,,,,,,,,,,,,,,,,,,,,
밀리다,押される・滞る,,,,,,,,,,,,,,,,,,,,,,
밑,下,,,,,,,,,,,,,,,,,,,,,,
바깥,外,,,,,,,,,,,,,,,,,,,,,,
바꾸다,変える,,,,,,,,,,,,,,,,,,,,,,
바닥,床・地面,,,,,,,,,,,,,,,,,,,,,,
바람,風,,,,,,,,,,,,,,,,,,,,,,
바르다,塗る・正しい,,,,,,,,,,,,,,,,,,,,,,
바쁘다,忙しい,,,,,,,,,,,,,,,,,,,,,,
바지,ズボン,,,,,,,,,,,,,,,,,,,,,,
박수,拍手,,,,,,,,,,,,,,,,,,,,,,
박물관,博物館,,,,,,,,,,,,,,,,,,,,,,
반드시,必ず,,,,,,,,,,,,,,,,,,,,,,
반복,反復,,,,,,,,,,,,,,,,,,,,,,
반성,反省,,,,,,,,,,,,,,,,,,,,,,
반응,反応,,,,,,,,,,,,,,,,,,,,,,
반대,反対,,,,,,,,,,,,,,,,,,,,,,
반찬,おかず,,,,,,,,,,,,,,,,,,,,,,
발,足,,,,,,,,,,,,,,,,,,,,,,
발견,発見,,,,,,,,,,,,,,,,,,,,,,
발걸음,足取り,,,,,,,,,,,,,,,,,,,,,,
발달,発達,,,,,,,,,,,,,,,,,,,,,,
발생,発生,,,,,,,,,,,,,,,,,,,,,,
발전,発展,,,,,,,,,,,,,,,,,,,,,,
발표,発表,,,,,,,,,,,,,,,,,,,,,,
발휘,発揮,,,,,,,,,,,,,,,,,,,,,,
밤,夜・栗,,,,,,,,,,,,,,,,,,,,,,
밥,ご飯,,,,,,,,,,,,,,,,,,,,,,
방,部屋,,,,,,,,,,,,,,,,,,,,,,
방금,たった今,,,,,,,,,,,,,,,,,,,,,,
방문,訪問,,,,,,,,,,,,,,,,,,,,,,
방법,方法,,,,,,,,,,,,,,,,,,,,,,
방송,放送,,,,,,,,,,,,,,,,,,,,,,
방식,方式,,,,,,,,,,,,,,,,,,,,,,
방학,長期休暇,,,,,,,,,,,,,,,,,,,,,,
방해,妨害,,,,,,,,,,,,,,,,,,,,,,
배,お腹・梨・船,,,,,,,,,,,,,,,,,,,,,,
배달,配達,,,,,,,,,,,,,,,,,,,,,,
배우다,学ぶ,,,,,,,,,,,,,,,,,,,,,,
배우,俳優,,,,,,,,,,,,,,,,,,,,,,
배추,白菜,,,,,,,,,,,,,,,,,,,,,,
뱉다,吐き出す,,,,,,,,,,,,,,,,,,,,,,
버릇,癖,,,,,,,,,,,,,,,,,,,,,,
버리다,捨てる,,,,,,,,,,,,,,,,,,,,,,
버스,バス,,,,,,,,,,,,,,,,,,,,,,
번역,翻訳,,,,,,,,,,,,,,,,,,,,,,
벌금,罰金,,,,,,,,,,,,,,,,,,,,,,
벌써,すでに,,,,,,,,,,,,,,,,,,,,,,
벌이다,（商売などを）広げる,,,,,,,,,,,,,,,,,,,,,,
범위,範囲,,,,,,,,,,,,,,,,,,,,,,
범인,犯人,,,,,,,,,,,,,,,,,,,,,,
법,法,,,,,,,,,,,,,,,,,,,,,,
법원,裁判所,,,,,,,,,,,,,,,,,,,,,,
벗다,脱ぐ,,,,,,,,,,,,,,,,,,,,,,
벗어나다,外れる・脱する,,,,,,,,,,,,,,,,,,,,,,
베개,枕,,,,,,,,,,,,,,,,,,,,,,
벨트,ベルト,,,,,,,,,,,,,,,,,,,,,,
벼,稲,,,,,,,,,,,,,,,,,,,,,,
벽,壁,,,,,,,,,,,,,,,,,,,,,,
변화,変化,,,,,,,,,,,,,,,,,,,,,,
변명,弁明,,,,,,,,,,,,,,,,,,,,,,
별,星,,,,,,,,,,,,,,,,,,,,,,
별다르다,格別だ,,,,,,,,,,,,,,,,,,,,,,
병,病気・瓶,,,,,,,,,,,,,,,,,,,,,,
병원,病院,,,,,,,,,,,,,,,,,,,,,,
보관,保管,,,,,,,,,,,,,,,,,,,,,,
보내다,送る,,,,,,,,,,,,,,,,,,,,,,
보다,見る,,,,,,,,,,,,,,,,,,,,,,
보람,やりがい,,,,,,,,,,,,,,,,,,,,,,
보물,宝物,,,,,,,,,,,,,,,,,,,,,,
보상,補償,,,,,,,,,,,,,,,,,,,,,,
보수,保守・報酬,,,,,,,,,,,,,,,,,,,,,,
보여주다,見せてあげる,,,,,,,,,,,,,,,,,,,,,,
보호,保護,,,,,,,,,,,,,,,,,,,,,,
복,福,,,,,,,,,,,,,,,,,,,,,,
복사,コピー,,,,,,,,,,,,,,,,,,,,,,
복습,復習,,,,,,,,,,,,,,,,,,,,,,
복잡하다,複雑だ,,,,,,,,,,,,,,,,,,,,,,
볶다,炒める,,,,,,,,,,,,,,,,,,,,,,
본격적,本格的,,,,,,,,,,,,,,,,,,,,,,
본래,本来,,,,,,,,,,,,,,,,,,,,,,
볼펜,ボールペン,,,,,,,,,,,,,,,,,,,,,,
봄,春,,,,,,,,,,,,,,,,,,,,,,
봉투,封筒,,,,,,,,,,,,,,,,,,,,,,
뵙다,お目にかかる,,,,,,,,,,,,,,,,,,,,,,
부끄럽다,恥ずかしい,,,,,,,,,,,,,,,,,,,,,,
부담,負担,,,,,,,,,,,,,,,,,,,,,,
부드럽다,柔らかい,,,,,,,,,,,,,,,,,,,,,,
부러워하다,羨ましがる,,,,,,,,,,,,,,,,,,,,,,
부르다,呼ぶ・歌う,,,,,,,,,,,,,,,,,,,,,,
부르다,お腹がいっぱいだ,,,,,,,,,,,,,,,,,,,,,,
부상,負傷,,,,,,,,,,,,,,,,,,,,,,
부엌,台所,,,,,,,,,,,,,,,,,,,,,,
부인,奥様,,,,,,,,,,,,,,,,,,,,,,
부자,金持ち,,,,,,,,,,,,,,,,,,,,,,
부작용,副作用,,,,,,,,,,,,,,,,,,,,,,
부족하다,不足している,,,,,,,,,,,,,,,,,,,,,,
부지런하다,勤勉だ,,,,,,,,,,,,,,,,,,,,,,
부탁,お願い,,,,,,,,,,,,,,,,,,,,,,
부품,部品,,,,,,,,,,,,,,,,,,,,,,
분노,怒り,,,,,,,,,,,,,,,,,,,,,,
분량,分量,,,,,,,,,,,,,,,,,,,,,,
분리,分離,,,,,,,,,,,,,,,,,,,,,,
분명하다,明らかだ,,,,,,,,,,,,,,,,,,,,,,
분석,分析,,,,,,,,,,,,,,,,,,,,,,
분위기,雰囲気,,,,,,,,,,,,,,,,,,,,,,
분실,紛失,,,,,,,,,,,,,,,,,,,,,,
분야,分野,,,,,,,,,,,,,,,,,,,,,,
분포,分布,,,,,,,,,,,,,,,,,,,,,,
불,火・明かり,,,,,,,,,,,,,,,,,,,,,,
불가능,不可能,,,,,,,,,,,,,,,,,,,,,,
불고기,プルコギ,,,,,,,,,,,,,,,,,,,,,,
불구하고,〜にもかかわらず,,,,,,,,,,,,,,,,,,,,,,
불만,不満,,,,,,,,,,,,,,,,,,,,,,
불쌍하다,哀れだ,,,,,,,,,,,,,,,,,,,,,,
불안,不安,,,,,,,,,,,,,,,,,,,,,,
불행,不幸,,,,,,,,,,,,,,,,,,,,,,
불평,不平,,,,,,,,,,,,,,,,,,,,,,
붓다,注ぐ・腫れる,,,,,,,,,,,,,,,,,,,,,,
비,雨,,,,,,,,,,,,,,,,,,,,,,
비교,比較,,,,,,,,,,,,,,,,,,,,,,
비누,石鹸,,,,,,,,,,,,,,,,,,,,,,
비다,空く,,,,,,,,,,,,,,,,,,,,,,
비디오,ビデオ,,,,,,,,,,,,,,,,,,,,,,
비둘기,鳩,,,,,,,,,,,,,,,,,,,,,,
비로소,ようやく,,,,,,,,,,,,,,,,,,,,,,
비명,悲鳴,,,,,,,,,,,,,,,,,,,,,,
비밀,秘密,,,,,,,,,,,,,,,,,,,,,,
비빔밥,ビビンバ,,,,,,,,,,,,,,,,,,,,,,
비슷하다,似ている,,,,,,,,,,,,,,,,,,,,,,
비싸다,高い（価格）,,,,,,,,,,,,,,,,,,,,,,
비율,比率,,,,,,,,,,,,,,,,,,,,,,
비판,批判,,,,,,,,,,,,,,,,,,,,,,
빌리다,借りる,,,,,,,,,,,,,,,,,,,,,,
빚,借金,,,,,,,,,,,,,,,,,,,,,,
빛,光,,,,,,,,,,,,,,,,,,,,,,
빠르다,早い,,,,,,,,,,,,,,,,,,,,,,
빠지다,落ちる・抜ける,,,,,,,,,,,,,,,,,,,,,,
빨간색,赤色,,,,,,,,,,,,,,,,,,,,,,
빨래,洗濯,,,,,,,,,,,,,,,,,,,,,,
빨리,早く,,,,,,,,,,,,,,,,,,,,,,
빵,パン,,,,,,,,,,,,,,,,,,,,,,
빼다,抜く・引く,,,,,,,,,,,,,,,,,,,,,,
뺨,頬,,,,,,,,,,,,,,,,,,,,,,
뿌리,根,,,,,,,,,,,,,,,,,,,,,,
뿌리다,まく・振りかける,,,,,,,,,,,,,,,,,,,,,,
사건,事件,,,,,,,,,,,,,,,,,,,,,,
사고,事故・思考,,,,,,,,,,,,,,,,,,,,,,
사과,りんご・謝罪,,,,,,,,,,,,,,,,,,,,,,
사기,詐欺,,,,,,,,,,,,,,,,,,,,,,
사다,買う,,,,,,,,,,,,,,,,,,,,,,
사다리,はしご,,,,,,,,,,,,,,,,,,,,,,
사람,人,,,,,,,,,,,,,,,,,,,,,,
사랑,愛,,,,,,,,,,,,,,,,,,,,,,
사무실,事務室,,,,,,,,,,,,,,,,,,,,,,
사물,私物・事物,,,,,,,,,,,,,,,,,,,,,,
사망,死亡,,,,,,,,,,,,,,,,,,,,,,
사십,四十,,,,,,,,,,,,,,,,,,,,,,
사실,事実,,,,,,,,,,,,,,,,,,,,,,
사업,事業,,,,,,,,,,,,,,,,,,,,,,
사용,使用,,,,,,,,,,,,,,,,,,,,,,
사자,ライオン,,,,,,,,,,,,,,,,,,,,,,
사정,事情,,,,,,,,,,,,,,,,,,,,,,
사전,辞典,,,,,,,,,,,,,,,,,,,,,,
사진,写真,,,,,,,,,,,,,,,,,,,,,,
사탕,飴,,,,,,,,,,,,,,,,,,,,,,
사회,社会,,,,,,,,,,,,,,,,,,,,,,
사촌,いとこ,,,,,,,,,,,,,,,,,,,,,,
산,山,,,,,,,,,,,,,,,,,,,,,,
산책,散歩,,,,,,,,,,,,,,,,,,,,,,
살,肉・肌・〜歳,,,,,,,,,,,,,,,,,,,,,,
살다,住む・生きる,,,,,,,,,,,,,,,,,,,,,,
살리다,生かす,,,,,,,,,,,,,,,,,,,,,,
살펴보다,調べる,,,,,,,,,,,,,,,,,,,,,,
삼각,三角,,,,,,,,,,,,,,,,,,,,,,
삼겹살,サムギョプサル,,,,,,,,,,,,,,,,,,,,,,
상,賞・机・像,,,,,,,,,,,,,,,,,,,,,,
상관,相関・構うこと,,,,,,,,,,,,,,,,,,,,,,
상담,相談,,,,,,,,,,,,,,,,,,,,,,
상대,相手,,,,,,,,,,,,,,,,,,,,,,
상상,想像,,,,,,,,,,,,,,,,,,,,,,
상세히,詳しく,,,,,,,,,,,,,,,,,,,,,,
상승,上昇,,,,,,,,,,,,,,,,,,,,,,
상태,状態,,,,,,,,,,,,,,,,,,,,,,
상처,傷,,,,,,,,,,,,,,,,,,,,,,
상품,商品,,,,,,,,,,,,,,,,,,,,,,
새,鳥・新しい,,,,,,,,,,,,,,,,,,,,,,
새롭다,新しい,,,,,,,,,,,,,,,,,,,,,,
새벽,明け方,,,,,,,,,,,,,,,,,,,,,,
새우,海老,,,,,,,,,,,,,,,,,,,,,,
색깔,色,,,,,,,,,,,,,,,,,,,,,,
생각,考え,,,,,,,,,,,,,,,,,,,,,,
생기다,生じる・できる,,,,,,,,,,,,,,,,,,,,,,
생명,生命,,,,,,,,,,,,,,,,,,,,,,
생선,魚（食用）,,,,,,,,,,,,,,,,,,,,,,
생신,お誕生日（敬語）,,,,,,,,,,,,,,,,,,,,,,
생일,誕生日,,,,,,,,,,,,,,,,,,,,,,
생활,生活,,,,,,,,,,,,,,,,,,,,,,
샴푸,シャンプー,,,,,,,,,,,,,,,,,,,,,,
서너,3〜4の,,,,,,,,,,,,,,,,,,,,,,
서늘하다,涼しい,,,,,,,,,,,,,,,,,,,,,,
서두르다,急ぐ,,,,,,,,,,,,,,,,,,,,,,
서로,お互いに,,,,,,,,,,,,,,,,,,,,,,
서류,書類,,,,,,,,,,,,,,,,,,,,,,
서비스,サービス,,,,,,,,,,,,,,,,,,,,,,
서점,書店,,,,,,,,,,,,,,,,,,,,,,
서쪽,西,,,,,,,,,,,,,,,,,,,,,,
석,3つの,,,,,,,,,,,,,,,,,,,,,,
섞다,混ぜる,,,,,,,,,,,,,,,,,,,,,,
선물,プレゼント,,,,,,,,,,,,,,,,,,,,,,
선배,先輩,,,,,,,,,,,,,,,,,,,,,,
선생님,先生,,,,,,,,,,,,,,,,,,,,,,
선수,選手,,,,,,,,,,,,,,,,,,,,,,
선택,選択,,,,,,,,,,,,,,,,,,,,,,
선풍기,扇風機,,,,,,,,,,,,,,,,,,,,,,
설계,設計,,,,,,,,,,,,,,,,,,,,,,
설득,説得,,,,,,,,,,,,,,,,,,,,,,
설렁탕,ソルロンタン,,,,,,,,,,,,,,,,,,,,,,
설마,まさか,,,,,,,,,,,,,,,,,,,,,,
설명,説明,,,,,,,,,,,,,,,,,,,,,,
설문,アンケート,,,,,,,,,,,,,,,,,,,,,,
설사,下痢・たとえ,,,,,,,,,,,,,,,,,,,,,,
설악산,雪岳山,,,,,,,,,,,,,,,,,,,,,,
설탕,砂糖,,,,,,,,,,,,,,,,,,,,,,
성격,性格,,,,,,,,,,,,,,,,,,,,,,
성공,成功,,,,,,,,,,,,,,,,,,,,,,
성당,聖堂（教会）,,,,,,,,,,,,,,,,,,,,,,
성적,成績,,,,,,,,,,,,,,,,,,,,,,
성함,お名前（敬語）,,,,,,,,,,,,,,,,,,,,,,
세계,世界,,,,,,,,,,,,,,,,,,,,,,
세금,税金,,,,,,,,,,,,,,,,,,,,,,
세대,世代,,,,,,,,,,,,,,,,,,,,,,
세로,縦,,,,,,,,,,,,,,,,,,,,,,
세상,世の中,,,,,,,,,,,,,,,,,,,,,,
세수,洗顔,,,,,,,,,,,,,,,,,,,,,,
세우다,立てる・止める,,,,,,,,,,,,,,,,,,,,,,
세일,セール,,,,,,,,,,,,,,,,,,,,,,
세탁기,洗濯機,,,,,,,,,,,,,,,,,,,,,,
센터,センター,,,,,,,,,,,,,,,,,,,,,,
셔츠,シャツ,,,,,,,,,,,,,,,,,,,,,,
소,牛,,,,,,,,,,,,,,,,,,,,,,
소개,紹介,,,,,,,,,,,,,,,,,,,,,,
소리,音・声,,,,,,,,,,,,,,,,,,,,,,
소매,袖,,,,,,,,,,,,,,,,,,,,,,
소문,噂,,,,,,,,,,,,,,,,,,,,,,
소비,消費,,,,,,,,,,,,,,,,,,,,,,
소설,小説,,,,,,,,,,,,,,,,,,,,,,
소수,少数,,,,,,,,,,,,,,,,,,,,,,
소식,知らせ,,,,,,,,,,,,,,,,,,,,,,
소원,願い,,,,,,,,,,,,,,,,,,,,,,
소음,騒音,,,,,,,,,,,,,,,,,,,,,,
소중하다,大切だ,,,,,,,,,,,,,,,,,,,,,,
소질,素質,,,,,,,,,,,,,,,,,,,,,,
소풍,遠足,,,,,,,,,,,,,,,,,,,,,,
소품,小道具,,,,,,,,,,,,,,,,,,,,,,
소화,消化,,,,,,,,,,,,,,,,,,,,,,
속,中,,,,,,,,,,,,,,,,,,,,,,
속도,速度,,,,,,,,,,,,,,,,,,,,,,
속다,だまされる,,,,,,,,,,,,,,,,,,,,,,
속담,ことわざ,,,,,,,,,,,,,,,,,,,,,,
속상하다,癪に障る,,,,,,,,,,,,,,,,,,,,,,
손,手,,,,,,,,,,,,,,,,,,,,,,
손가락,指,,,,,,,,,,,,,,,,,,,,,,
손님,お客様,,,,,,,,,,,,,,,,,,,,,,
손목,手首,,,,,,,,,,,,,,,,,,,,,,
손수건,ハンカチ,,,,,,,,,,,,,,,,,,,,,,
손해,損害,,,,,,,,,,,,,,,,,,,,,,
송이,（花などの）房・個,,,,,,,,,,,,,,,,,,,,,,
쇼핑,ショッピング,,,,,,,,,,,,,,,,,,,,,,
수건,タオル,,,,,,,,,,,,,,,,,,,,,,
수다,おしゃべり,,,,,,,,,,,,,,,,,,,,,,
수단,手段,,,,,,,,,,,,,,,,,,,,,,
수도,首都・水道,,,,,,,,,,,,,,,,,,,,,,
수리,修理,,,,,,,,,,,,,,,,,,,,,,
수면,睡眠,,,,,,,,,,,,,,,,,,,,,,
수무,20,,,,,,,,,,,,,,,,,,,,,,
수술,手術,,,,,,,,,,,,,,,,,,,,,,
수업,授業,,,,,,,,,,,,,,,,,,,,,,
수영,水泳,,,,,,,,,,,,,,,,,,,,,,
수요일,水曜日,,,,,,,,,,,,,,,,,,,,,,
수입,輸入・収入,,,,,,,,,,,,,,,,,,,,,,
수정,修正,,,,,,,,,,,,,,,,,,,,,,
수출,輸出,,,,,,,,,,,,,,,,,,,,,,
수첩,手帳,,,,,,,,,,,,,,,,,,,,,,
수평,水平,,,,,,,,,,,,,,,,,,,,,,
수표,小切手,,,,,,,,,,,,,,,,,,,,,,
수확,収穫,,,,,,,,,,,,,,,,,,,,,,
숙제,宿題,,,,,,,,,,,,,,,,,,,,,,
순간,瞬間,,,,,,,,,,,,,,,,,,,,,,
순서,順序,,,,,,,,,,,,,,,,,,,,,,
숟가락,スプーン,,,,,,,,,,,,,,,,,,,,,,
술,お酒,,,,,,,,,,,,,,,,,,,,,,
숨,息,,,,,,,,,,,,,,,,,,,,,,
쉬다,休む・息をする,,,,,,,,,,,,,,,,,,,,,,
쉽다,易しい,,,,,,,,,,,,,,,,,,,,,,
슈퍼,スーパー,,,,,,,,,,,,,,,,,,,,,,
스스로,自ら,,,,,,,,,,,,,,,,,,,,,,
스케줄,スケジュール,,,,,,,,,,,,,,,,,,,,,,
스타일,スタイル,,,,,,,,,,,,,,,,,,,,,,
스트레스,ストレス,,,,,,,,,,,,,,,,,,,,,,
스포츠,スポーツ,,,,,,,,,,,,,,,,,,,,,,
슬그머니,こっそり,,,,,,,,,,,,,,,,,,,,,,
슬그머니,そっと,,,,,,,,,,,,,,,,,,,,,,
슬기롭다,賢い,,,,,,,,,,,,,,,,,,,,,,
슬리퍼,スリッパ,,,,,,,,,,,,,,,,,,,,,,
슬프다,悲しい,,,,,,,,,,,,,,,,,,,,,,
슬픔,悲しみ,,,,,,,,,,,,,,,,,,,,,,
습관,習慣,,,,,,,,,,,,,,,,,,,,,,
습기,湿気,,,,,,,,,,,,,,,,,,,,,,
습도,湿度,,,,,,,,,,,,,,,,,,,,,,
습하다,湿っぽい,,,,,,,,,,,,,,,,,,,,,,
승객,乗客,,,,,,,,,,,,,,,,,,,,,,
승리,勝利,,,,,,,,,,,,,,,,,,,,,,
승진,昇進,,,,,,,,,,,,,,,,,,,,,,
시,市・詩・時,,,,,,,,,,,,,,,,,,,,,,
시간,時間,,,,,,,,,,,,,,,,,,,,,,
시계,時計,,,,,,,,,,,,,,,,,,,,,,
시골,田舎,,,,,,,,,,,,,,,,,,,,,,
시끄럽다,うるさい,,,,,,,,,,,,,,,,,,,,,,
시내,市内,,,,,,,,,,,,,,,,,,,,,,
시도,試み,,,,,,,,,,,,,,,,,,,,,,
시력,視力,,,,,,,,,,,,,,,,,,,,,,
시리다,（冷たくて）しみる,,,,,,,,,,,,,,,,,,,,,,
시설,施設,,,,,,,,,,,,,,,,,,,,,,
시야,視野,,,,,,,,,,,,,,,,,,,,,,
시어머니,義母,,,,,,,,,,,,,,,,,,,,,,
시원하다,涼しい・爽快だ,,,,,,,,,,,,,,,,,,,,,,
시작,開始,,,,,,,,,,,,,,,,,,,,,,
시장,市場・市長,,,,,,,,,,,,,,,,,,,,,,
시정,是正,,,,,,,,,,,,,,,,,,,,,,
시청,市役所・視聴,,,,,,,,,,,,,,,,,,,,,,
시키다,させる・注文する,,,,,,,,,,,,,,,,,,,,,,
시험,試験,,,,,,,,,,,,,,,,,,,,,,
식구,家族（食卓を囲む人）,,,,,,,,,,,,,,,,,,,,,,
식당,食堂,,,,,,,,,,,,,,,,,,,,,,
식물,植物,,,,,,,,,,,,,,,,,,,,,,
식사,食事,,,,,,,,,,,,,,,,,,,,,,
식초,酢,,,,,,,,,,,,,,,,,,,,,,
식탁,食卓,,,,,,,,,,,,,,,,,,,,,,
식품,食品,,,,,,,,,,,,,,,,,,,,,,
신고,申告・通報,,,,,,,,,,,,,,,,,,,,,,
신문,新聞,,,,,,,,,,,,,,,,,,,,,,
신발,靴,,,,,,,,,,,,,,,,,,,,,,
신선하다,新鮮だ,,,,,,,,,,,,,,,,,,,,,,
신청,申請,,,,,,,,,,,,,,,,,,,,,,
신체,身体,,,,,,,,,,,,,,,,,,,,,,
신호,信号,,,,,,,,,,,,,,,,,,,,,,
실례,失礼,,,,,,,,,,,,,,,,,,,,,,
실망,失望,,,,,,,,,,,,,,,,,,,,,,
실수,失敗・ミス,,,,,,,,,,,,,,,,,,,,,,
실시,実施,,,,,,,,,,,,,,,,,,,,,,
실패,失敗,,,,,,,,,,,,,,,,,,,,,,
실현,実現,,,,,,,,,,,,,,,,,,,,,,
심각하다,深刻だ,,,,,,,,,,,,,,,,,,,,,,
심다,植える,,,,,,,,,,,,,,,,,,,,,,
심리,心理,,,,,,,,,,,,,,,,,,,,,,
심부름,お使い,,,,,,,,,,,,,,,,,,,,,,
심심하다,退屈だ,,,,,,,,,,,,,,,,,,,,,,
심장,心臓,,,,,,,,,,,,,,,,,,,,,,
싱겁다,味が薄い,,,,,,,,,,,,,,,,,,,,,,
싸다,安い・包む,,,,,,,,,,,,,,,,,,,,,,
싸우다,喧嘩する,,,,,,,,,,,,,,,,,,,,,,
쌓다,積む,,,,,,,,,,,,,,,,,,,,,,
쌓이다,積もる,,,,,,,,,,,,,,,,,,,,,,
썰다,切る（刻む）,,,,,,,,,,,,,,,,,,,,,,
쓰기,書くこと,,,,,,,,,,,,,,,,,,,,,,
쓰다,書く・使う・苦い・被る,,,,,,,,,,,,,,,,,,,,,,
쓰레기,ゴミ,,,,,,,,,,,,,,,,,,,,,,
쓰러지다,倒れる,,,,,,,,,,,,,,,,,,,,,,
씌우다,被せる,,,,,,,,,,,,,,,,,,,,,,
씨,氏・種,,,,,,,,,,,,,,,,,,,,,,
씩씩하다,たくましい,,,,,,,,,,,,,,,,,,,,,,
씻다,洗う,,,,,,,,,,,,,,,,,,,,,,
아깝다,惜しい・もったいない,,,,,,,,,,,,,,,,,,,,,,
아기,赤ちゃん,,,,,,,,,,,,,,,,,,,,,,
아까,さっき,,,,,,,,,,,,,,,,,,,,,,
아내,妻,,,,,,,,,,,,,,,,,,,,,,
아니다,違う,,,,,,,,,,,,,,,,,,,,,,
아드님,息子さん,,,,,,,,,,,,,,,,,,,,,,
아들,息子,,,,,,,,,,,,,,,,,,,,,,
아래,下,,,,,,,,,,,,,,,,,,,,,,
아름답다,美しい,,,,,,,,,,,,,,,,,,,,,,
아마,たぶん,,,,,,,,,,,,,,,,,,,,,,
아무,いかなる・何の,,,,,,,,,,,,,,,,,,,,,,
아무래도,どうも・どうしても,,,,,,,,,,,,,,,,,,,,,,
아무렇다,どうということはない,,,,,,,,,,,,,,,,,,,,,,
아무튼,とにかく,,,,,,,,,,,,,,,,,,,,,,
아버님,お父様,,,,,,,,,,,,,,,,,,,,,,
아버지,父,,,,,,,,,,,,,,,,,,,,,,
아쉽다,名残惜しい,,,,,,,,,,,,,,,,,,,,,,
아우,弟,,,,,,,,,,,,,,,,,,,,,,
아이,子供,,,,,,,,,,,,,,,,,,,,,,
아이스크림,アイスクリーム,,,,,,,,,,,,,,,,,,,,,,
아저씨,おじさん,,,,,,,,,,,,,,,,,,,,,,
아주,とても,,,,,,,,,,,,,,,,,,,,,,
아줌마,おばさん,,,,,,,,,,,,,,,,,,,,,,
아직,まだ,,,,,,,,,,,,,,,,,,,,,,
아침,朝,,,,,,,,,,,,,,,,,,,,,,
아파트,マンション,,,,,,,,,,,,,,,,,,,,,,
아프다,痛い,,,,,,,,,,,,,,,,,,,,,,
아픔,痛み,,,,,,,,,,,,,,,,,,,,,,
악기,楽器,,,,,,,,,,,,,,,,,,,,,,
안,中・（否定）,,,,,,,,,,,,,,,,,,,,,,
안개,霧,,,,,,,,,,,,,,,,,,,,,,
안경,眼鏡,,,,,,,,,,,,,,,,,,,,,,
안내,案内,,,,,,,,,,,,,,,,,,,,,,
안녕,安寧,,,,,,,,,,,,,,,,,,,,,,
안다,抱く,,,,,,,,,,,,,,,,,,,,,,
앉다,座る,,,,,,,,,,,,,,,,,,,,,,
안부,安否,,,,,,,,,,,,,,,,,,,,,,
안색,顔色,,,,,,,,,,,,,,,,,,,,,,
안심,安心,,,,,,,,,,,,,,,,,,,,,,
안전,安全,,,,,,,,,,,,,,,,,,,,,,
안주,おつまみ,,,,,,,,,,,,,,,,,,,,,,
알,卵・粒,,,,,,,,,,,,,,,,,,,,,,
알다,知る,,,,,,,,,,,,,,,,,,,,,,
알리다,知らせる,,,,,,,,,,,,,,,,,,,,,,
알맞다,適当だ,,,,,,,,,,,,,,,,,,,,,,
알아보다,見分ける・調べる,,,,,,,,,,,,,,,,,,,,,,
암,癌,,,,,,,,,,,,,,,,,,,,,,
암기,暗記,,,,,,,,,,,,,,,,,,,,,,
앞,前,,,,,,,,,,,,,,,,,,,,,,
애인,恋人,,,,,,,,,,,,,,,,,,,,,,
액수,額数（金額）,,,,,,,,,,,,,,,,,,,,,,
야구,野球,,,,,,,,,,,,,,,,,,,,,,
야단치다,叱る,,,,,,,,,,,,,,,,,,,,,,
야채,野菜,,,,,,,,,,,,,,,,,,,,,,
약,薬・約,,,,,,,,,,,,,,,,,,,,,,
약속,約束,,,,,,,,,,,,,,,,,,,,,,
약하다,弱い,,,,,,,,,,,,,,,,,,,,,,
양,量・羊,,,,,,,,,,,,,,,,,,,,,,
양념,味付け,,,,,,,,,,,,,,,,,,,,,,
양말,靴下,,,,,,,,,,,,,,,,,,,,,,
양보,譲歩,,,,,,,,,,,,,,,,,,,,,,
양식,様式・洋食,,,,,,,,,,,,,,,,,,,,,,
양심,良心,,,,,,,,,,,,,,,,,,,,,,
어깨,肩,,,,,,,,,,,,,,,,,,,,,,
어둡다,暗い,,,,,,,,,,,,,,,,,,,,,,
어디,どこ,,,,,,,,,,,,,,,,,,,,,,
어떤,どんな,,,,,,,,,,,,,,,,,,,,,,
어떻게,どのように,,,,,,,,,,,,,,,,,,,,,,
어렵다,難しい,,,,,,,,,,,,,,,,,,,,,,
어른,大人,,,,,,,,,,,,,,,,,,,,,,
어린이,子供,,,,,,,,,,,,,,,,,,,,,,
어머니,母,,,,,,,,,,,,,,,,,,,,,,
어머님,お母様,,,,,,,,,,,,,,,,,,,,,,
어색하다,ぎこちない,,,,,,,,,,,,,,,,,,,,,,
어서,早く,,,,,,,,,,,,,,,,,,,,,,
어울리다,似合う,,,,,,,,,,,,,,,,,,,,,,
어제,昨日,,,,,,,,,,,,,,,,,,,,,,
언덕,丘,,,,,,,,,,,,,,,,,,,,,,
언니,姉（妹から）,,,,,,,,,,,,,,,,,,,,,,
언어,言語,,,,,,,,,,,,,,,,,,,,,,
언제,いつ,,,,,,,,,,,,,,,,,,,,,,
언제나,いつでも,,,,,,,,,,,,,,,,,,,,,,
얻다,得る,,,,,,,,,,,,,,,,,,,,,,
얼굴,顔,,,,,,,,,,,,,,,,,,,,,,
얼마,いくら,,,,,,,,,,,,,,,,,,,,,,
얼마나,どのくらい,,,,,,,,,,,,,,,,,,,,,,
얼음,氷,,,,,,,,,,,,,,,,,,,,,,
엄격하다,厳格だ,,,,,,,,,,,,,,,,,,,,,,
엄마,ママ,,,,,,,,,,,,,,,,,,,,,,
업무,業務,,,,,,,,,,,,,,,,,,,,,,
엉망,めちゃくちゃ,,,,,,,,,,,,,,,,,,,,,,
엊그제,一昨日,,,,,,,,,,,,,,,,,,,,,,
에어컨,エアコン,,,,,,,,,,,,,,,,,,,,,,
엘리베이터,エレベーター,,,,,,,,,,,,,,,,,,,,,,
여가,余暇,,,,,,,,,,,,,,,,,,,,,,
여기,ここ,,,,,,,,,,,,,,,,,,,,,,
여대생,女子大生,,,,,,,,,,,,,,,,,,,,,,
여러,いろいろな,,,,,,,,,,,,,,,,,,,,,,
여러분,皆様,,,,,,,,,,,,,,,,,,,,,,
여름,夏,,,,,,,,,,,,,,,,,,,,,,
여보세요,もしもし,,,,,,,,,,,,,,,,,,,,,,
여성,女性,,,,,,,,,,,,,,,,,,,,,,
여수,20,,,,,,,,,,,,,,,,,,,,,,
여유,余裕,,,,,,,,,,,,,,,,,,,,,,
여자,女子,,,,,,,,,,,,,,,,,,,,,,
여행,旅行,,,,,,,,,,,,,,,,,,,,,,
역,駅,,,,,,,,,,,,,,,,,,,,,,
역사,歴史,,,,,,,,,,,,,,,,,,,,,,
역할,役割,,,,,,,,,,,,,,,,,,,,,,
연결,連結,,,,,,,,,,,,,,,,,,,,,,
연고,軟膏,,,,,,,,,,,,,,,,,,,,,,
연극,演劇,,,,,,,,,,,,,,,,,,,,,,
연기,演技・煙・延期,,,,,,,,,,,,,,,,,,,,,,
연락,連絡,,,,,,,,,,,,,,,,,,,,,,
연료,燃料,,,,,,,,,,,,,,,,,,,,,,
연말,年末,,,,,,,,,,,,,,,,,,,,,,
연세,お年（敬語）,,,,,,,,,,,,,,,,,,,,,,
연습,練習,,,,,,,,,,,,,,,,,,,,,,
연예인,芸能人,,,,,,,,,,,,,,,,,,,,,,
연장,延長,,,,,,,,,,,,,,,,,,,,,,
연필,鉛筆,,,,,,,,,,,,,,,,,,,,,,
연휴,連休,,,,,,,,,,,,,,,,,,,,,,
열,10・熱,,,,,,,,,,,,,,,,,,,,,,
열다,開ける,,,,,,,,,,,,,,,,,,,,,,
열람,閲覧,,,,,,,,,,,,,,,,,,,,,,
열쇠,鍵,,,,,,,,,,,,,,,,,,,,,,
열심히,一生懸命,,,,,,,,,,,,,,,,,,,,,,
열차,列車,,,,,,,,,,,,,,,,,,,,,,
열정,情熱,,,,,,,,,,,,,,,,,,,,,,
결정하다,決定する,,,,,,,,,,,,,,,,,,,,,,
상황,状況,,,,,,,,,,,,,,,,,,,,,,
이유,理由,,,,,,,,,,,,,,,,,,,,,,
경험,経験,,,,,,,,,,,,,,,,,,,,,,
필요하다,必要だ,,,,,,,,,,,,,,,,,,,,,,
방법,方法,,,,,,,,,,,,,,,,,,,,,,
기회,機会,,,,,,,,,,,,,,,,,,,,,,
결과,結果,,,,,,,,,,,,,,,,,,,,,,
노력,努力,,,,,,,,,,,,,,,,,,,,,,
변화,変化,,,,,,,,,,,,,,,,,,,,,,
선택,選択,,,,,,,,,,,,,,,,,,,,,,
계속하다,続ける,,,,,,,,,,,,,,,,,,,,,,
성공,成功,,,,,,,,,,,,,,,,,,,,,,
실패,失敗,,,,,,,,,,,,,,,,,,,,,,
목표,目標,,,,,,,,,,,,,,,,,,,,,,
도전,挑戦,,,,,,,,,,,,,,,,,,,,,,
중요하다,重要だ,,,,,,,,,,,,,,,,,,,,,,
과정,過程,,,,,,,,,,,,,,,,,,,,,,
기억,記憶,,,,,,,,,,,,,,,,,,,,,,
책임,責任,,,,,,,,,,,,,,,,,,,,,,
관계,関係,,,,,,,,,,,,,,,,,,,,,,
발생하다,発生する,,,,,,,,,,,,,,,,,,,,,,
의미,意味,,,,,,,,,,,,,,,,,,,,,,
해결하다,解決する,,,,,,,,,,,,,,,,,,,,,,
기준,基準,,,,,,,,,,,,,,,,,,,,,,
조건,条件,,,,,,,,,,,,,,,,,,,,,,
발전,発展,,,,,,,,,,,,,,,,,,,,,,
시도하다,試みる,,,,,,,,,,,,,,,,,,,,,,
효과,効果,,,,,,,,,,,,,,,,,,,,,,
영향,影響,,,,,,,,,,,,,,,,,,,,,,
확인하다,確認する,,,,,,,,,,,,,,,,,,,,,,
태도,態度,,,,,,,,,,,,,,,,,,,,,,
가능하다,可能だ,,,,,,,,,,,,,,,,,,,,,,
불가능하다,不可能だ,,,,,,,,,,,,,,,,,,,,,,
차이,違い,,,,,,,,,,,,,,,,,,,,,,
반응,反応,,,,,,,,,,,,,,,,,,,,,,
적극적이다,積極的だ,,,,,,,,,,,,,,,,,,,,,,
소극적이다,消極的だ,,,,,,,,,,,,,,,,,,,,,,
기대,期待,,,,,,,,,,,,,,,,,,,,,,
실현하다,実現する,,,,,,,,,,,,,,,,,,,,,,
가치,価値,,,,,,,,,,,,,,,,,,,,,,
판단하다,判断する,,,,,,,,,,,,,,,,,,,,,,
요인,要因,,,,,,,,,,,,,,,,,,,,,,
결론,結論,,,,,,,,,,,,,,,,,,,,,,
비교하다,比較する,,,,,,,,,,,,,,,,,,,,,,
선호하다,好む,,,,,,,,,,,,,,,,,,,,,,
방향,方向,,,,,,,,,,,,,,,,,,,,,,
일반적이다,一般的だ,,,,,,,,,,,,,,,,,,,,,,
특별하다,特別だ,,,,,,,,,,,,,,,,,,,,,,
요구하다,要求する,,,,,,,,,,,,,,,,,,,,,,
부담,負担,,,,,,,,,,,,,,,,,,,,,,
인식,認識,,,,,,,,,,,,,,,,,,,,,,
제한,制限,,,,,,,,,,,,,,,,,,,,,,
확대되다,拡大される,,,,,,,,,,,,,,,,,,,,,,
축소되다,縮小される,,,,,,,,,,,,,,,,,,,,,,
유지하다,維持する,,,,,,,,,,,,,,,,,,,,,,
도입하다,導入する,,,,,,,,,,,,,,,,,,,,,,
개선하다,改善する,,,,,,,,,,,,,,,,,,,,,,
적용하다,適用する,,,,,,,,,,,,,,,,,,,,,,
분석하다,分析する,,,,,,,,,,,,,,,,,,,,,,
평가하다,評価する,,,,,,,,,,,,,,,,,,,,,,
예상하다,予想する,,,,,,,,,,,,,,,,,,,,,,
대응하다,対応する,,,,,,,,,,,,,,,,,,,,,,
확보하다,確保する,,,,,,,,,,,,,,,,,,,,,,
조정하다,調整する,,,,,,,,,,,,,,,,,,,,,,
반영하다,反映する,,,,,,,,,,,,,,,,,,,,,,
구성하다,構成する,,,,,,,,,,,,,,,,,,,,,,
전환하다,転換する,,,,,,,,,,,,,,,,,,,,,,
발표하다,発表する,,,,,,,,,,,,,,,,,,,,,,
논의하다,議論する,,,,,,,,,,,,,,,,,,,,,,
확정하다,確定する,,,,,,,,,,,,,,,,,,,,,,
확신하다,確信する,,,,,,,,,,,,,,,,,,,,,,
고려하다,考慮する,,,,,,,,,,,,,,,,,,,,,,
전반적이다,全般的だ,,,,,,,,,,,,,,,,,,,,,,
부분적이다,部分的だ,,,,,,,,,,,,,,,,,,,,,,
구체적이다,具体的だ,,,,,,,,,,,,,,,,,,,,,,
모호하다,曖昧だ,,,,,,,,,,,,,,,,,,,,,,
현실적이다,現実的だ,,,,,,,,,,,,,,,,,,,,,,
이상적이다,理想的だ,,,,,,,,,,,,,,,,,,,,,,
필연적이다,必然的だ,,,,,,,,,,,,,,,,,,,,,,
우연적이다,偶然的だ,,,,,,,,,,,,,,,,,,,,,,
적절하다,適切だ,,,,,,,,,,,,,,,,,,,,,,
부적절하다,不適切だ,,,,,,,,,,,,,,,,,,,,,,
상대적이다,相対的だ,,,,,,,,,,,,,,,,,,,,,,
절대적이다,絶対的だ,,,,,,,,,,,,,,,,,,,,,,
점진적으로,段階的に,,,,,,,,,,,,,,,,,,,,,,
대체로,おおむね,,,,,,,,,,,,,,,,,,,,,,
결국,結局,,,,,,,,,,,,,,,,,,,,,,
반면에,一方で,,,,,,,,,,,,,,,,,,,,,,
비록,たとえ〜でも,,,,,,,,,,,,,,,,,,,,,,
즉,すなわち,,,,,,,,,,,,,,,,,,,,,,
한편,一方,,,,,,,,,,,,,,,,,,,,,,
결과적으로,結果的に,,,,,,,,,,,,,,,,,,,,,,
일시적이다,一時的だ,,,,,,,,,,,,,,,,,,,,,,
지속적이다,持続的だ,,,,,,,,,,,,,,,,,,,,,,
문의하다,問い合わせる,,,,,,,,,,,,,,,,,,,,,,
요청하다,依頼する,,,,,,,,,,,,,,,,,,,,,,
예약하다,予約する,,,,,,,,,,,,,,,,,,,,,,
취소하다,キャンセルする,,,,,,,,,,,,,,,,,,,,,,
연기하다,延期する,,,,,,,,,,,,,,,,,,,,,,
확인되다,確認される,,,,,,,,,,,,,,,,,,,,,,
접수하다,受け付ける,,,,,,,,,,,,,,,,,,,,,,
처리하다,処理する,,,,,,,,,,,,,,,,,,,,,,
대기하다,待機する,,,,,,,,,,,,,,,,,,,,,,
지불하다,支払う,,,,,,,,,,,,,,,,,,,,,,
환불하다,返金する,,,,,,,,,,,,,,,,,,,,,,
교환하다,交換する,,,,,,,,,,,,,,,,,,,,,,
신청하다,申請する,,,,,,,,,,,,,,,,,,,,,,
제출하다,提出する,,,,,,,,,,,,,,,,,,,,,,
서류,書類,,,,,,,,,,,,,,,,,,,,,,
기한,期限,,,,,,,,,,,,,,,,,,,,,,
마감,締切,,,,,,,,,,,,,,,,,,,,,,
절차,手続き,,,,,,,,,,,,,,,,,,,,,,
조건부,条件付き,,,,,,,,,,,,,,,,,,,,,,
예외,例外,,,,,,,,,,,,,,,,,,,,,,
불편하다,不便だ,,,,,,,,,,,,,,,,,,,,,,
편리하다,便利だ,,,,,,,,,,,,,,,,,,,,,,
번거롭다,煩わしい,,,,,,,,,,,,,,,,,,,,,,
익숙하다,慣れている,,,,,,,,,,,,,,,,,,,,,,
낯설다,不慣れだ,,,,,,,,,,,,,,,,,,,,,,
신중하다,慎重だ,,,,,,,,,,,,,,,,,,,,,,
솔직하다,率直だ,,,,,,,,,,,,,,,,,,,,,,
무난하다,無難だ,,,,,,,,,,,,,,,,,,,,,,
까다롭다,厄介だ,,,,,,,,,,,,,,,,,,,,,,
유연하다,柔軟だ,,,,,,,,,,,,,,,,,,,,,,
즉시,即座に,,,,,,,,,,,,,,,,,,,,,,
미리,あらかじめ,,,,,,,,,,,,,,,,,,,,,,
차후에,後ほど,,,,,,,,,,,,,,,,,,,,,,
별도로,別途,,,,,,,,,,,,,,,,,,,,,,
대략,おおよそ,,,,,,,,,,,,,,,,,,,,,,
직접,直接,,,,,,,,,,,,,,,,,,,,,,
간접적으로,間接的に,,,,,,,,,,,,,,,,,,,,,,
어쩔 수 없이,やむを得ず,,,,,,,,,,,,,,,,,,,,,,
가능한 한,可能な限り,,,,,,,,,,,,,,,,,,,,,,
문제없이,問題なく,,,,,,,,,,,,,,,,,,,,,,
불가피하다,避けられない,,,,,,,,,,,,,,,,,,,,,,
적시에,適時に,,,,,,,,,,,,,,,,,,,,,,
우선적으로,優先的に,,,,,,,,,,,,,,,,,,,,,,
최대한,最大限,,,,,,,,,,,,,,,,,,,,,,
신속하다,迅速だ,,,,,,,,,,,,,,,,,,,,,,
지연,遅延,,,,,,,,,,,,,,,,,,,,,,
대응,対応,,,,,,,,,,,,,,,,,,,,,,
상황에 따라,状況によって,,,,,,,,,,,,,,,,,,,,,,
조율하다,調整する,,,,,,,,,,,,,,,,,,,,,,
보완하다,補完する,,,,,,,,,,,,,,,,,,,,,,
대체하다,代替する,,,,,,,,,,,,,,,,,,,,,,
전제하다,前提とする,,,,,,,,,,,,,,,,,,,,,,
가정하다,仮定する,,,,,,,,,,,,,,,,,,,,,,
유보하다,留保する,,,,,,,,,,,,,,,,,,,,,,
철회하다,撤回する,,,,,,,,,,,,,,,,,,,,,,
이행하다,履行する,,,,,,,,,,,,,,,,,,,,,,
위반하다,違反する,,,,,,,,,,,,,,,,,,,,,,
준수하다,遵守する,,,,,,,,,,,,,,,,,,,,,,
촉진하다,促進する,,,,,,,,,,,,,,,,,,,,,,
억제하다,抑制する,,,,,,,,,,,,,,,,,,,,,,
확립하다,確立する,,,,,,,,,,,,,,,,,,,,,,
정착하다,定着する,,,,,,,,,,,,,,,,,,,,,,
부과하다,課す,,,,,,,,,,,,,,,,,,,,,,
면제하다,免除する,,,,,,,,,,,,,,,,,,,,,,
부합하다,合致する,,,,,,,,,,,,,,,,,,,,,,
상충하다,相反する,,,,,,,,,,,,,,,,,,,,,,
동반하다,伴う,,,,,,,,,,,,,,,,,,,,,,
야기하다,引き起こす,,,,,,,,,,,,,,,,,,,,,,
난처하다,困難だ,,,,,,,,,,,,,,,,,,,,,,
부자연스럽다,不自然だ,,,,,,,,,,,,,,,,,,,,,,
자연스럽다,自然だ,,,,,,,,,,,,,,,,,,,,,,
적당하다,適当だ,,,,,,,,,,,,,,,,,,,,,,
과도하다,過度だ,,,,,,,,,,,,,,,,,,,,,,
미흡하다,不十分だ,,,,,,,,,,,,,,,,,,,,,,
충분하다,十分だ,,,,,,,,,,,,,,,,,,,,,,
타이트하다,厳しい,,,,,,,,,,,,,,,,,,,,,,
여유롭다,余裕がある,,,,,,,,,,,,,,,,,,,,,,
성급하다,性急だ,,,,,,,,,,,,,,,,,,,,,,
차분하다,落ち着いている,,,,,,,,,,,,,,,,,,,,,,
빈번하다,頻繁だ,,,,,,,,,,,,,,,,,,,,,,
드물다,稀だ,,,,,,,,,,,,,,,,,,,,,,
전반적으로,全般的に,,,,,,,,,,,,,,,,,,,,,,
부분적으로,部分的に,,,,,,,,,,,,,,,,,,,,,,
우연히,偶然に,,,,,,,,,,,,,,,,,,,,,,
의외로,意外に,,,,,,,,,,,,,,,,,,,,,,
아무래도,どうやら,,,,,,,,,,,,,,,,,,,,,,
어쨌든,いずれにせよ,,,,,,,,,,,,,,,,,,,,,,
대체로,概ね,,,,,,,,,,,,,,,,,,,,,,
다소,やや,,,,,,,,,,,,,,,,,,,,,,
일단,ひとまず,,,,,,,,,,,,,,,,,,,,,,
차라리,いっそ,,,,,,,,,,,,,,,,,,,,,,
그나마,それでも,,,,,,,,,,,,,,,,,,,,,,
마찬가지로,同様に,,,,,,,,,,,,,,,,,,,,,,
반대로,反対に,,,,,,,,,,,,,,,,,,,,,,
비교적,比較的,,,,,,,,,,,,,,,,,,,,,,
실질적으로,実質的に,,,,,,,,,,,,,,,,,,,,,,
형식적으로,形式的に,,,,,,,,,,,,,,,,,,,,,,
알아보다,調べる,,,,,,,,,,,,,,,,,,,,,,
확인하다,確認する,,,,,,,,,,,,,,,,,,,,,,
준비하다,準備する,,,,,,,,,,,,,,,,,,,,,,
연락하다,連絡する,,,,,,,,,,,,,,,,,,,,,,
참여하다,参加する,,,,,,,,,,,,,,,,,,,,,,
도와주다,手伝う,,,,,,,,,,,,,,,,,,,,,,
정리하다,整理する,,,,,,,,,,,,,,,,,,,,,,
계획하다,計画する,,,,,,,,,,,,,,,,,,,,,,
설명하다,説明する,,,,,,,,,,,,,,,,,,,,,,
요약하다,要約する,,,,,,,,,,,,,,,,,,,,,,
비교하다,比較する,,,,,,,,,,,,,,,,,,,,,,
선택하다,選択する,,,,,,,,,,,,,,,,,,,,,,
추천하다,推薦する,,,,,,,,,,,,,,,,,,,,,,
요청하다,依頼する,,,,,,,,,,,,,,,,,,,,,,
취소하다,キャンセルする,,,,,,,,,,,,,,,,,,,,,,
변경하다,変更する,,,,,,,,,,,,,,,,,,,,,,
지키다,守る,,,,,,,,,,,,,,,,,,,,,,
피하다,避ける,,,,,,,,,,,,,,,,,,,,,,
사용하다,使用する,,,,,,,,,,,,,,,,,,,,,,
이용하다,利用する,,,,,,,,,,,,,,,,,,,,,,
불편하다,不便だ,,,,,,,,,,,,,,,,,,,,,,
편하다,楽だ,,,,,,,,,,,,,,,,,,,,,,
간단하다,簡単だ,,,,,,,,,,,,,,,,,,,,,,
복잡하다,複雑だ,,,,,,,,,,,,,,,,,,,,,,
충분하다,十分だ,,,,,,,,,,,,,,,,,,,,,,
부족하다,不足している,,,,,,,,,,,,,,,,,,,,,,
가능하다,可能だ,,,,,,,,,,,,,,,,,,,,,,
어렵다,難しい,,,,,,,,,,,,,,,,,,,,,,
쉽다,簡単だ,,,,,,,,,,,,,,,,,,,,,,
중요하다,重要だ,,,,,,,,,,,,,,,,,,,,,,
보통,普通,,,,,,,,,,,,,,,,,,,,,,
자주,よく,,,,,,,,,,,,,,,,,,,,,,
가끔,時々,,,,,,,,,,,,,,,,,,,,,,
미리,あらかじめ,,,,,,,,,,,,,,,,,,,,,,
바로,すぐ,,,,,,,,,,,,,,,,,,,,,,
천천히,ゆっくり,,,,,,,,,,,,,,,,,,,,,,
빨리,早く,,,,,,,,,,,,,,,,,,,,,,
대신,代わりに,,,,,,,,,,,,,,,,,,,,,,
특히,特に,,,,,,,,,,,,,,,,,,,,,,
일단,ひとまず,,,,,,,,,,,,,,,,,,,,,,
결국,結局,,,,,,,,,,,,,,,,,,,,,,
아마,たぶん,,,,,,,,,,,,,,,,,,,,,,
만약,もし,,,,,,,,,,,,,,,,,,,,,,
그래서,だから,,,,,,,,,,,,,,,,,,,,,,
그러나,しかし,,,,,,,,,,,,,,,,,,,,,,
때문에,〜のため,,,,,,,,,,,,,,,,,,,,,,
도중에,途中で,,,,,,,,,,,,,,,,,,,,,,
이후,以後,,,,,,,,,,,,,,,,,,,,,,
전부,全部,,,,,,,,,,,,,,,,,,,,,,
계속하다,続ける,,,,,,,,,,,,,,,,,,,,,,
중단하다,中断する,,,,,,,,,,,,,,,,,,,,,,
마무리하다,締めくくる,,,,,,,,,,,,,,,,,,,,,,
정하다,決める,,,,,,,,,,,,,,,,,,,,,,
늘다,増える,,,,,,,,,,,,,,,,,,,,,,
줄다,減る,,,,,,,,,,,,,,,,,,,,,,
익숙해지다,慣れる,,,,,,,,,,,,,,,,,,,,,,
실수하다,失敗する,,,,,,,,,,,,,,,,,,,,,,
적응하다,適応する,,,,,,,,,,,,,,,,,,,,,,
도움이 되다,役に立つ,,,,,,,,,,,,,,,,,,,,,,
-기 때문에,〜ので,,,,,,,,,,,,,,,,,,,,,,
-아/어서,〜て（理由）,,,,,,,,,,,,,,,,,,,,,,
-지만,〜が,,,,,,,,,,,,,,,,,,,,,,
-는데,〜が／〜のに,,,,,,,,,,,,,,,,,,,,,,
-으려고 하다,〜しようとする,,,,,,,,,,,,,,,,,,,,,,
-아/어 보다,〜してみる,,,,,,,,,,,,,,,,,,,,,,
-아/어야 하다,〜しなければならない,,,,,,,,,,,,,,,,,,,,,,
-을 수 있다,〜できる,,,,,,,,,,,,,,,,,,,,,,
-으면,〜なら,,,,,,,,,,,,,,,,,,,,,,
-아/어도 되다,〜してもよい,,,,,,,,,,,,,,,,,,,,,,
불안하다,不安だ,,,,,,,,,,,,,,,,,,,,,,
안정적이다,安定している,,,,,,,,,,,,,,,,,,,,,,
부담스럽다,負担に感じる,,,,,,,,,,,,,,,,,,,,,,
만족하다,満足する,,,,,,,,,,,,,,,,,,,,,,
후회하다,後悔する,,,,,,,,,,,,,,,,,,,,,,
기대하다,期待する,,,,,,,,,,,,,,,,,,,,,,
걱정하다,心配する,,,,,,,,,,,,,,,,,,,,,,
중요성,重要性,,,,,,,,,,,,,,,,,,,,,,
필요성,必要性,,,,,,,,,,,,,,,,,,,,,,
가능성,可能性,,,,,,,,,,,,,,,,,,,,,,
-는 동안,〜している間,,,,,,,,,,,,,,,,,,,,,,
-기 전(에),〜する前に,,,,,,,,,,,,,,,,,,,,,,
-고 나서,〜してから,,,,,,,,,,,,,,,,,,,,,,
-는 중이다,〜している最中だ,,,,,,,,,,,,,,,,,,,,,,
-을 때,〜するとき,,,,,,,,,,,,,,,,,,,,,,
-아/어 두다,〜しておく,,,,,,,,,,,,,,,,,,,,,,
-아/어 버리다,〜してしまう,,,,,,,,,,,,,,,,,,,,,,
-아/어 가다,〜していく,,,,,,,,,,,,,,,,,,,,,,
-아/어 오다,〜してくる,,,,,,,,,,,,,,,,,,,,,,
비슷하다,似ている,,,,,,,,,,,,,,,,,,,,,,
다르다,違う,,,,,,,,,,,,,,,,,,,,,,
같다,同じだ,,,,,,,,,,,,,,,,,,,,,,
명확하다,明確だ,,,,,,,,,,,,,,,,,,,,,,
애매하다,曖昧だ,,,,,,,,,,,,,,,,,,,,,,
복잡하다,複雑だ,,,,,,,,,,,,,,,,,,,,,,
단순하다,単純だ,,,,,,,,,,,,,,,,,,,,,,
전반적으로,全体的に,,,,,,,,,,,,,,,,,,,,,,
대체로,だいたい,,,,,,,,,,,,,,,,,,,,,,
결과적으로,結果的に,,,,,,,,,,,,,,,,,,,,,,
시작하다,始める,,,,,,,,,,,,,,,,,,,,,,
끝내다,終える,,,,,,,,,,,,,,,,,,,,,,
진행하다,進行する,,,,,,,,,,,,,,,,,,,,,,
멈추다,止まる,,,,,,,,,,,,,,,,,,,,,,
늘리다,増やす,,,,,,,,,,,,,,,,,,,,,,
줄이다,減らす,,,,,,,,,,,,,,,,,,,,,,
맞추다,合わせる,,,,,,,,,,,,,,,,,,,,,,
나누다,分ける,,,,,,,,,,,,,,,,,,,,,,
모으다,集める,,,,,,,,,,,,,,,,,,,,,,
정리되다,整理される,,,,,,,,,,,,,,,,,,,,,,
-는 편이다,〜なほうだ,,,,,,,,,,,,,,,,,,,,,,
-는 것 같다,〜のようだ,,,,,,,,,,,,,,,,,,,,,,
-다고 하다,〜と言う,,,,,,,,,,,,,,,,,,,,,,
-자마자,〜するとすぐ,,,,,,,,,,,,,,,,,,,,,,
-는 데,〜するのに,,,,,,,,,,,,,,,,,,,,,,
-아/어 놓다,〜しておく,,,,,,,,,,,,,,,,,,,,,,
-아/어 대다,やたら〜する,,,,,,,,,,,,,,,,,,,,,,
-아/어 가면서,〜しながら,,,,,,,,,,,,,,,,,,,,,,
-기는 하지만,〜ではあるが,,,,,,,,,,,,,,,,,,,,,,
-도록 하다,〜するようにする,,,,,,,,,,,,,,,,,,,,,,
불필요하다,不要だ,,,,,,,,,,,,,,,,,,,,,,
적절하다,適切だ,,,,,,,,,,,,,,,,,,,,,,
무리하다,無理だ,,,,,,,,,,,,,,,,,,,,,,
현실적이다,現実的だ,,,,,,,,,,,,,,,,,,,,,,
효율적이다,効率的だ,,,,,,,,,,,,,,,,,,,,,,
불확실하다,不確実だ,,,,,,,,,,,,,,,,,,,,,,
확실하다,確実だ,,,,,,,,,,,,,,,,,,,,,,
번거롭다,面倒だ,,,,,,,,,,,,,,,,,,,,,,
편리하다,便利だ,,,,,,,,,,,,,,,,,,,,,,
불안정하다,不安定だ,,,,,,,,,,,,,,,,,,,,,,
-에 비해,〜に比べて,,,,,,,,,,,,,,,,,,,,,,
-에 따라,〜によって,,,,,,,,,,,,,,,,,,,,,,
-에 대해서,〜について,,,,,,,,,,,,,,,,,,,,,,
-에 의하면,〜によれば,,,,,,,,,,,,,,,,,,,,,,
-뿐만 아니라,〜だけでなく,,,,,,,,,,,,,,,,,,,,,,
-조차,〜さえ,,,,,,,,,,,,,,,,,,,,,,
-마저,〜まで,,,,,,,,,,,,,,,,,,,,,,
-만 해도,〜だけでも,,,,,,,,,,,,,,,,,,,,,,
-을 뿐이다,〜にすぎない,,,,,,,,,,,,,,,,,,,,,,
-기 마련이다,〜するものだ,,,,,,,,,,,,,,,,,,,,,,
점점,だんだん,,,,,,,,,,,,,,,,,,,,,,
이미,すでに,,,,,,,,,,,,,,,,,,,,,,
여전히,依然として,,,,,,,,,,,,,,,,,,,,,,
차차,徐々に,,,,,,,,,,,,,,,,,,,,,,
대부분,大部分,,,,,,,,,,,,,,,,,,,,,,
일부,一部,,,,,,,,,,,,,,,,,,,,,,
서로,互いに,,,,,,,,,,,,,,,,,,,,,,
각각,それぞれ,,,,,,,,,,,,,,,,,,,,,,
기본적이다,基本的だ,,,,,,,,,,,,,,,,,,,,,,
공통적이다,共通している,,,,,,,,,,,,,,,,,,,,,,
개별적이다,個別的だ,,,,,,,,,,,,,,,,,,,,,,
구체적이다,具体的だ,,,,,,,,,,,,,,,,,,,,,,
추상적이다,抽象的だ,,,,,,,,,,,,,,,,,,,,,,
단순하다,単純だ,,,,,,,,,,,,,,,,,,,,,,
복잡하다,複雑だ,,,,,,,,,,,,,,,,,,,,,,
명확하다,明確だ,,,,,,,,,,,,,,,,,,,,,,
모호하다,曖昧だ,,,,,,,,,,,,,,,,,,,,,,
중요하다,重要だ,,,,,,,,,,,,,,,,,,,,,,
판단하다,判断する,,,,,,,,,,,,,,,,,,,,,,
선택하다,選択する,,,,,,,,,,,,,,,,,,,,,,
결정하다,決定する,,,,,,,,,,,,,,,,,,,,,,
유지하다,維持する,,,,,,,,,,,,,,,,,,,,,,
변경하다,変更する,,,,,,,,,,,,,,,,,,,,,,
대체하다,代替する,,,,,,,,,,,,,,,,,,,,,,
확인하다,確認する,,,,,,,,,,,,,,,,,,,,,,
점검하다,点検する,,,,,,,,,,,,,,,,,,,,,,
비교하다,比較する,,,,,,,,,,,,,,,,,,,,,,
검토하다,検討する,,,,,,,,,,,,,,,,,,,,,,
-아/어 보이다,〜して見える,,,,,,,,,,,,,,,,,,,,,,
-아/어 보니,〜してみたら,,,,,,,,,,,,,,,,,,,,,,
-아/어 보니까,〜してみると,,,,,,,,,,,,,,,,,,,,,,
-아/어 두다,〜しておく,,,,,,,,,,,,,,,,,,,,,,
-아/어 놓고,〜したまま,,,,,,,,,,,,,,,,,,,,,,
-아/어야 하다,〜しなければならない,,,,,,,,,,,,,,,,,,,,,,
-(으)면 안 되다,〜してはいけない,,,,,,,,,,,,,,,,,,,,,,
-(으)면 좋겠다,〜したらいいな,,,,,,,,,,,,,,,,,,,,,,
-(으)ㄹ 수 있다,〜することができる,,,,,,,,,,,,,,,,,,,,,,
-(으)ㄹ 수 없다,〜することができない,,,,,,,,,,,,,,,,,,,,,,
일상적이다,日常的だ,,,,,,,,,,,,,,,,,,,,,,
일시적이다,一時的だ,,,,,,,,,,,,,,,,,,,,,,
지속적이다,持続的だ,,,,,,,,,,,,,,,,,,,,,,
즉각적이다,即時的だ,,,,,,,,,,,,,,,,,,,,,,
전반적이다,全般的だ,,,,,,,,,,,,,,,,,,,,,,
부분적이다,部分的だ,,,,,,,,,,,,,,,,,,,,,,
직접적이다,直接的だ,,,,,,,,,,,,,,,,,,,,,,
간접적이다,間接的だ,,,,,,,,,,,,,,,,,,,,,,
예상하다,予想する,,,,,,,,,,,,,,,,,,,,,,
대응하다,対応する,,,,,,,,,,,,,,,,,,,,,,
처리하다,処理する,,,,,,,,,,,,,,,,,,,,,,
해결하다,解決する,,,,,,,,,,,,,,,,,,,,,,
발생하다,発生する,,,,,,,,,,,,,,,,,,,,,,
포함하다,含む,,,,,,,,,,,,,,,,,,,,,,
제외하다,除外する,,,,,,,,,,,,,,,,,,,,,,
반영하다,反映する,,,,,,,,,,,,,,,,,,,,,,
고려하다,考慮する,,,,,,,,,,,,,,,,,,,,,,
-기 때문에,〜なので,,,,,,,,,,,,,,,,,,,,,,
-기 전에는,〜する前には,,,,,,,,,,,,,,,,,,,,,,
-고 나서,〜してから,,,,,,,,,,,,,,,,,,,,,,
-는 동안,〜している間,,,,,,,,,,,,,,,,,,,,,,
-는 중이다,〜している最中だ,,,,,,,,,,,,,,,,,,,,,,
-(으)ㄹ 때마다,〜するたびに,,,,,,,,,,,,,,,,,,,,,,
-아/어도 되다,〜してもよい,,,,,,,,,,,,,,,,,,,,,,
-(으)ㄹ지도 모르다,〜かもしれない,,,,,,,,,,,,,,,,,,,,,,
-(으)ㄹ 필요가 있다,〜する必要がある,,,,,,,,,,,,,,,,,,,,,,
-(으)ㄹ 생각이다,〜するつもりだ,,,,,,,,,,,,,,,,,,,,,,
사람,人,,,,,,,,,,,,,,,,,,,,,,
시간,時間,,,,,,,,,,,,,,,,,,,,,,
장소,場所,,,,,,,,,,,,,,,,,,,,,,
하루,一日,,,,,,,,,,,,,,,,,,,,,,
오늘,今日,,,,,,,,,,,,,,,,,,,,,,
내일,明日,,,,,,,,,,,,,,,,,,,,,,
어제,昨日,,,,,,,,,,,,,,,,,,,,,,
지금,今,,,,,,,,,,,,,,,,,,,,,,
경우,場合,,,,,,,,,,,,,,,,,,,,,,
문제,問題,,,,,,,,,,,,,,,,,,,,,,
생각,考え,,,,,,,,,,,,,,,,,,,,,,
이야기,話,,,,,,,,,,,,,,,,,,,,,,
말,言葉,,,,,,,,,,,,,,,,,,,,,,
생활,生活,,,,,,,,,,,,,,,,,,,,,,
경험,経験,,,,,,,,,,,,,,,,,,,,,,
이유,理由,,,,,,,,,,,,,,,,,,,,,,
결과,結果,,,,,,,,,,,,,,,,,,,,,,
상황,状況,,,,,,,,,,,,,,,,,,,,,,
관계,関係,,,,,,,,,,,,,,,,,,,,,,
기회,機会,,,,,,,,,,,,,,,,,,,,,,
방법,方法,,,,,,,,,,,,,,,,,,,,,,
준비,準備,,,,,,,,,,,,,,,,,,,,,,
계획,計画,,,,,,,,,,,,,,,,,,,,,,
선택,選択,,,,,,,,,,,,,,,,,,,,,,
결정,決定,,,,,,,,,,,,,,,,,,,,,,
변화,変化,,,,,,,,,,,,,,,,,,,,,,
시작,開始,,,,,,,,,,,,,,,,,,,,,,
끝,終わり,,,,,,,,,,,,,,,,,,,,,,
중간,中間,,,,,,,,,,,,,,,,,,,,,,
도움,助け,,,,,,,,,,,,,,,,,,,,,,
의미,意味,,,,,,,,,,,,,,,,,,,,,,
목적,目的,,,,,,,,,,,,,,,,,,,,,,
내용,内容,,,,,,,,,,,,,,,,,,,,,,
약속,約束,,,,,,,,,,,,,,,,,,,,,,
사실,事実,,,,,,,,,,,,,,,,,,,,,,
느낌,感じ,,,,,,,,,,,,,,,,,,,,,,
기분,気分,,,,,,,,,,,,,,,,,,,,,,
마음,心,,,,,,,,,,,,,,,,,,,,,,
습관,習慣,,,,,,,,,,,,,,,,,,,,,,
노력,努力,,,,,,,,,,,,,,,,,,,,,,
성공,成功,,,,,,,,,,,,,,,,,,,,,,
실패,失敗,,,,,,,,,,,,,,,,,,,,,,
실수,ミス,,,,,,,,,,,,,,,,,,,,,,
조건,条件,,,,,,,,,,,,,,,,,,,,,,
기준,基準,,,,,,,,,,,,,,,,,,,,,,
차이,違い,,,,,,,,,,,,,,,,,,,,,,
공기,空気,,,,,,,,,,,,,,,,,,,,,,
소리,音,,,,,,,,,,,,,,,,,,,,,,
모습,姿,,,,,,,,,,,,,,,,,,,,,,
상태,状態,,,,,,,,,,,,,,,,,,,,,,
기억,記憶,,,,,,,,,,,,,,,,,,,,,,
생각,思考,,,,,,,,,,,,,,,,,,,,,,
정보,情報,,,,,,,,,,,,,,,,,,,,,,
이해,理解,,,,,,,,,,,,,,,,,,,,,,
지식,知識,,,,,,,,,,,,,,,,,,,,,,
의견,意見,,,,,,,,,,,,,,,,,,,,,,
이유,理由,,,,,,,,,,,,,,,,,,,,,,
원인,原因,,,,,,,,,,,,,,,,,,,,,,
결과,結果,,,,,,,,,,,,,,,,,,,,,,
과정,過程,,,,,,,,,,,,,,,,,,,,,,
방법,手段,,,,,,,,,,,,,,,,,,,,,,
목표,目標,,,,,,,,,,,,,,,,,,,,,,
계획,計画,,,,,,,,,,,,,,,,,,,,,,
준비,準備,,,,,,,,,,,,,,,,,,,,,,
연습,練習,,,,,,,,,,,,,,,,,,,,,,
공부,勉強,,,,,,,,,,,,,,,,,,,,,,
시험,試験,,,,,,,,,,,,,,,,,,,,,,
점수,点数,,,,,,,,,,,,,,,,,,,,,,
성적,成績,,,,,,,,,,,,,,,,,,,,,,
학교,学校,,,,,,,,,,,,,,,,,,,,,,
수업,授業,,,,,,,,,,,,,,,,,,,,,,
교실,教室,,,,,,,,,,,,,,,,,,,,,,
학생,学生,,,,,,,,,,,,,,,,,,,,,,
선생님,先生,,,,,,,,,,,,,,,,,,,,,,
친구,友達,,,,,,,,,,,,,,,,,,,,,,
가족,家族,,,,,,,,,,,,,,,,,,,,,,
부모,両親,,,,,,,,,,,,,,,,,,,,,,
아이,子供,,,,,,,,,,,,,,,,,,,,,,
어른,大人,,,,,,,,,,,,,,,,,,,,,,
남자,男性,,,,,,,,,,,,,,,,,,,,,,
여자,女性,,,,,,,,,,,,,,,,,,,,,,
사람들,人々,,,,,,,,,,,,,,,,,,,,,,
직업,職業,,,,,,,,,,,,,,,,,,,,,,
회사,会社,,,,,,,,,,,,,,,,,,,,,,
일,仕事,,,,,,,,,,,,,,,,,,,,,,
휴식,休憩,,,,,,,,,,,,,,,,,,,,,,
시간표,時間割,,,,,,,,,,,,,,,,,,,,,,
회의,会議,,,,,,,,,,,,,,,,,,,,,,
발표,発表,,,,,,,,,,,,,,,,,,,,,,
설명,説明,,,,,,,,,,,,,,,,,,,,,,
질문,質問,,,,,,,,,,,,,,,,,,,,,,
답,答え,,,,,,,,,,,,,,,,,,,,,,
대답,返事,,,,,,,,,,,,,,,,,,,,,,
약속,約束,,,,,,,,,,,,,,,,,,,,,,
모임,集まり,,,,,,,,,,,,,,,,,,,,,,
행사,行事,,,,,,,,,,,,,,,,,,,,,,
경험담,体験談,,,,,,,,,,,,,,,,,,,,,,
사건,事件,,,,,,,,,,,,,,,,,,,,,,
사고,事故,,,,,,,,,,,,,,,,,,,,,,
이야깃거리,話題,,,,,,,,,,,,,,,,,,,,,,
관심,関心,,,,,,,,,,,,,,,,,,,,,,
취미,趣味,,,,,,,,,,,,,,,,,,,,,,
운동,運動,,,,,,,,,,,,,,,,,,,,,,
건강,健康,,,,,,,,,,,,,,,,,,,,,,
병,病気,,,,,,,,,,,,,,,,,,,,,,
약,薬,,,,,,,,,,,,,,,,,,,,,,
병원,病院,,,,,,,,,,,,,,,,,,,,,,
의사,医者,,,,,,,,,,,,,,,,,,,,,,
증상,症状,,,,,,,,,,,,,,,,,,,,,,
피로,疲れ,,,,,,,,,,,,,,,,,,,,,,
스트레스,ストレス,,,,,,,,,,,,,,,,,,,,,,
휴식,休み,,,,,,,,,,,,,,,,,,,,,,
여행,旅行,,,,,,,,,,,,,,,,,,,,,,
출발,出発,,,,,,,,,,,,,,,,,,,,,,
도착,到着,,,,,,,,,,,,,,,,,,,,,,
계획표,予定表,,,,,,,,,,,,,,,,,,,,,,
장소,場所,,,,,,,,,,,,,,,,,,,,,,
거리,距離,,,,,,,,,,,,,,,,,,,,,,
방향,方向,,,,,,,,,,,,,,,,,,,,,,
날씨,天気,,,,,,,,,,,,,,,,,,,,,,
비,雨,,,,,,,,,,,,,,,,,,,,,,
눈,雪,,,,,,,,,,,,,,,,,,,,,,
바람,風,,,,,,,,,,,,,,,,,,,,,,
온도,温度,,,,,,,,,,,,,,,,,,,,,,
계절,季節,,,,,,,,,,,,,,,,,,,,,,
봄,春,,,,,,,,,,,,,,,,,,,,,,
여름,夏,,,,,,,,,,,,,,,,,,,,,,
가을,秋,,,,,,,,,,,,,,,,,,,,,,
겨울,冬,,,,,,,,,,,,,,,,,,,,,,
음식,食べ物,,,,,,,,,,,,,,,,,,,,,,
식사,食事,,,,,,,,,,,,,,,,,,,,,,
아침,朝食,,,,,,,,,,,,,,,,,,,,,,
점심,昼食,,,,,,,,,,,,,,,,,,,,,,
저녁,夕食,,,,,,,,,,,,,,,,,,,,,,
맛,味,,,,,,,,,,,,,,,,,,,,,,
가격,価格,,,,,,,,,,,,,,,,,,,,,,
비용,費用,,,,,,,,,,,,,,,,,,,,,,
돈,お金,,,,,,,,,,,,,,,,,,,,,,
지출,支出,,,,,,,,,,,,,,,,,,,,,,
수입,収入,,,,,,,,,,,,,,,,,,,,,,
계산,計算,,,,,,,,,,,,,,,,,,,,,,
영수증,レシート,,,,,,,,,,,,,,,,,,,,,,
구매,購入,,,,,,,,,,,,,,,,,,,,,,
소비,消費,,,,,,,,,,,,,,,,,,,,,,
이용,利用,,,,,,,,,,,,,,,,,,,,,,
사용,使用,,,,,,,,,,,,,,,,,,,,,,
도구,道具,,,,,,,,,,,,,,,,,,,,,,
물건,物,,,,,,,,,,,,,,,,,,,,,,
제품,製品,,,,,,,,,,,,,,,,,,,,,,
서비스,サービス,,,,,,,,,,,,,,,,,,,,,,
기능,機能,,,,,,,,,,,,,,,,,,,,,,
효과,効果,,,,,,,,,,,,,,,,,,,,,,
영향,影響,,,,,,,,,,,,,,,,,,,,,,
문제점,問題点,,,,,,,,,,,,,,,,,,,,,,
해결,解決,,,,,,,,,,,,,,,,,,,,,,
대책,対策,,,,,,,,,,,,,,,,,,,,,,
결론,結論,,,,,,,,,,,,,,,,,,,,,,
요약,要約,,,,,,,,,,,,,,,,,,,,,,
설명서,説明書,,,,,,,,,,,,,,,,,,,,,,
주의,注意,,,,,,,,,,,,,,,,,,,,,,
경고,警告,,,,,,,,,,,,,,,,,,,,,,
안전,安全,,,,,,,,,,,,,,,,,,,,,,
위험,危険,,,,,,,,,,,,,,,,,,,,,,
사고방식,考え方,,,,,,,,,,,,,,,,,,,,,,
태도,態度,,,,,,,,,,,,,,,,,,,,,,
성격,性格,,,,,,,,,,,,,,,,,,,,,,
성향,傾向,,,,,,,,,,,,,,,,,,,,,,
장점,長所,,,,,,,,,,,,,,,,,,,,,,
단점,短所,,,,,,,,,,,,,,,,,,,,,,
특징,特徴,,,,,,,,,,,,,,,,,,,,,,
쌀,米,,,,,,,,,,,,,,,,,,,,,,
빵,パン,,,,,,,,,,,,,,,,,,,,,,
면,麺,,,,,,,,,,,,,,,,,,,,,,
고기,肉,,,,,,,,,,,,,,,,,,,,,,
소고기,牛肉,,,,,,,,,,,,,,,,,,,,,,
돼지고기,豚肉,,,,,,,,,,,,,,,,,,,,,,
닭고기,鶏肉,,,,,,,,,,,,,,,,,,,,,,
생선,魚,,,,,,,,,,,,,,,,,,,,,,
계란,卵,,,,,,,,,,,,,,,,,,,,,,
우유,牛乳,,,,,,,,,,,,,,,,,,,,,,
치즈,チーズ,,,,,,,,,,,,,,,,,,,,,,
버터,バター,,,,,,,,,,,,,,,,,,,,,,
설탕,砂糖,,,,,,,,,,,,,,,,,,,,,,
소금,塩,,,,,,,,,,,,,,,,,,,,,,
간장,醤油,,,,,,,,,,,,,,,,,,,,,,
된장,味噌,,,,,,,,,,,,,,,,,,,,,,
고추,唐辛子,,,,,,,,,,,,,,,,,,,,,,
마늘,にんにく,,,,,,,,,,,,,,,,,,,,,,
양파,玉ねぎ,,,,,,,,,,,,,,,,,,,,,,
감자,じゃがいも,,,,,,,,,,,,,,,,,,,,,,
당근,にんじん,,,,,,,,,,,,,,,,,,,,,,
배추,白菜,,,,,,,,,,,,,,,,,,,,,,
사과,りんご,,,,,,,,,,,,,,,,,,,,,,
바나나,バナナ,,,,,,,,,,,,,,,,,,,,,,
오렌지,オレンジ,,,,,,,,,,,,,,,,,,,,,,
포도,ぶどう,,,,,,,,,,,,,,,,,,,,,,
딸기,いちご,,,,,,,,,,,,,,,,,,,,,,
수박,スイカ,,,,,,,,,,,,,,,,,,,,,,
커피,コーヒー,,,,,,,,,,,,,,,,,,,,,,
차,お茶,,,,,,,,,,,,,,,,,,,,,,
물,水,,,,,,,,,,,,,,,,,,,,,,
개,犬,,,,,,,,,,,,,,,,,,,,,,
고양이,猫,,,,,,,,,,,,,,,,,,,,,,
새,鳥,,,,,,,,,,,,,,,,,,,,,,
물고기,魚,,,,,,,,,,,,,,,,,,,,,,
말,馬,,,,,,,,,,,,,,,,,,,,,,
소,牛,,,,,,,,,,,,,,,,,,,,,,
돼지,豚,,,,,,,,,,,,,,,,,,,,,,
닭,鶏,,,,,,,,,,,,,,,,,,,,,,
호랑이,虎,,,,,,,,,,,,,,,,,,,,,,
사자,ライオン,,,,,,,,,,,,,,,,,,,,,,
곰,クマ,,,,,,,,,,,,,,,,,,,,,,
코끼리,ゾウ,,,,,,,,,,,,,,,,,,,,,,
원숭이,猿,,,,,,,,,,,,,,,,,,,,,,
사슴,鹿,,,,,,,,,,,,,,,,,,,,,,
토끼,ウサギ,,,,,,,,,,,,,,,,,,,,,,
쥐,ネズミ,,,,,,,,,,,,,,,,,,,,,,
뱀,ヘビ,,,,,,,,,,,,,,,,,,,,,,
거북이,カメ,,,,,,,,,,,,,,,,,,,,,,
집,家,,,,,,,,,,,,,,,,,,,,,,
아파트,アパート,,,,,,,,,,,,,,,,,,,,,,
건물,建物,,,,,,,,,,,,,,,,,,,,,,
학교,学校,,,,,,,,,,,,,,,,,,,,,,
병원,病院,,,,,,,,,,,,,,,,,,,,,,
회사,会社,,,,,,,,,,,,,,,,,,,,,,
사무실,オフィス,,,,,,,,,,,,,,,,,,,,,,
은행,銀行,,,,,,,,,,,,,,,,,,,,,,
우체국,郵便局,,,,,,,,,,,,,,,,,,,,,,
경찰서,警察署,,,,,,,,,,,,,,,,,,,,,,
소방서,消防署,,,,,,,,,,,,,,,,,,,,,,
도서관,図書館,,,,,,,,,,,,,,,,,,,,,,
박물관,博物館,,,,,,,,,,,,,,,,,,,,,,
미술관,美術館,,,,,,,,,,,,,,,,,,,,,,
극장,劇場,,,,,,,,,,,,,,,,,,,,,,
영화관,映画館,,,,,,,,,,,,,,,,,,,,,,
식당,食堂,,,,,,,,,,,,,,,,,,,,,,
카페,カフェ,,,,,,,,,,,,,,,,,,,,,,
시장,市場,,,,,,,,,,,,,,,,,,,,,,
마트,スーパー,,,,,,,,,,,,,,,,,,,,,,
편의점,コンビニ,,,,,,,,,,,,,,,,,,,,,,
공항,空港,,,,,,,,,,,,,,,,,,,,,,
역,駅,,,,,,,,,,,,,,,,,,,,,,
버스정류장,バス停,,,,,,,,,,,,,,,,,,,,,,
주차장,駐車場,,,,,,,,,,,,,,,,,,,,,,
공원,公園,,,,,,,,,,,,,,,,,,,,,,
광장,広場,,,,,,,,,,,,,,,,,,,,,,
거리,通り,,,,,,,,,,,,,,,,,,,,,,
다리,橋,,,,,,,,,,,,,,,,,,,,,,
도로,道路,,,,,,,,,,,,,,,,,,,,,,
사람,人,,,,,,,,,,,,,,,,,,,,,,
생활,生活,,,,,,,,,,,,,,,,,,,,,,
환경,環境,,,,,,,,,,,,,,,,,,,,,,
기술,技術,,,,,,,,,,,,,,,,,,,,,,
문화,文化,,,,,,,,,,,,,,,,,,,,,,
사회,社会,,,,,,,,,,,,,,,,,,,,,,
경제,経済,,,,,,,,,,,,,,,,,,,,,,
정보,情報,,,,,,,,,,,,,,,,,,,,,,
경험,経験,,,,,,,,,,,,,,,,,,,,,,
기억,記憶,,,,,,,,,,,,,,,,,,,,,,
상황,状況,,,,,,,,,,,,,,,,,,,,,,
결과,結果,,,,,,,,,,,,,,,,,,,,,,
원인,原因,,,,,,,,,,,,,,,,,,,,,,
목적,目的,,,,,,,,,,,,,,,,,,,,,,
방법,方法,,,,,,,,,,,,,,,,,,,,,,
조건,条件,,,,,,,,,,,,,,,,,,,,,,
관계,関係,,,,,,,,,,,,,,,,,,,,,,
의견,意見,,,,,,,,,,,,,,,,,,,,,,
선택,選択,,,,,,,,,,,,,,,,,,,,,,
책임,責任,,,,,,,,,,,,,,,,,,,,,,
만나다,会う,,,,,,,,,,,,,,,,,,,,,,
생각하다,考える,,,,,,,,,,,,,,,,,,,,,,
이해하다,理解する,,,,,,,,,,,,,,,,,,,,,,
사용하다,使う,,,,,,,,,,,,,,,,,,,,,,
준비하다,準備する,,,,,,,,,,,,,,,,,,,,,,
결정하다,決定する,,,,,,,,,,,,,,,,,,,,,,
발생하다,発生する,,,,,,,,,,,,,,,,,,,,,,
변화하다,変化する,,,,,,,,,,,,,,,,,,,,,,
노력하다,努力する,,,,,,,,,,,,,,,,,,,,,,
유지하다,維持する,,,,,,,,,,,,,,,,,,,,,,
중요하다,重要だ,,,,,,,,,,,,,,,,,,,,,,
필요하다,必要だ,,,,,,,,,,,,,,,,,,,,,,
가능하다,可能だ,,,,,,,,,,,,,,,,,,,,,,
어렵다,難しい,,,,,,,,,,,,,,,,,,,,,,
간단하다,簡単だ,,,,,,,,,,,,,,,,,,,,,,
비슷하다,似ている,,,,,,,,,,,,,,,,,,,,,,
다르다,異なる,,,,,,,,,,,,,,,,,,,,,,
충분하다,十分だ,,,,,,,,,,,,,,,,,,,,,,
적절하다,適切だ,,,,,,,,,,,,,,,,,,,,,,
불편하다,不便だ,,,,,,,,,,,,,,,,,,,,,,
자주,よく,,,,,,,,,,,,,,,,,,,,,,
이미,すでに,,,,,,,,,,,,,,,,,,,,,,
아직,まだ,,,,,,,,,,,,,,,,,,,,,,
갑자기,突然,,,,,,,,,,,,,,,,,,,,,,
점점,だんだん,,,,,,,,,,,,,,,,,,,,,,
계속,ずっと,,,,,,,,,,,,,,,,,,,,,,
드디어,ついに,,,,,,,,,,,,,,,,,,,,,,
아마,たぶん,,,,,,,,,,,,,,,,,,,,,,
특히,特に,,,,,,,,,,,,,,,,,,,,,,
때문에,〜のため,,,,,,,,,,,,,,,,,,,,,,
위해서,〜のために,,,,,,,,,,,,,,,,,,,,,,
대해서,〜について,,,,,,,,,,,,,,,,,,,,,,
동안,〜の間,,,,,,,,,,,,,,,,,,,,,,
이후에,〜以降,,,,,,,,,,,,,,,,,,,,,,
이전에,〜以前,,,,,,,,,,,,,,,,,,,,,,
뿐만 아니라,〜だけでなく,,,,,,,,,,,,,,,,,,,,,,
그러나,しかし,,,,,,,,,,,,,,,,,,,,,,
그래서,それで,,,,,,,,,,,,,,,,,,,,,,
또한,さらに,,,,,,,,,,,,,,,,,,,,,,
만약,もし,,,,,,,,,,,,,,,,,,,,,,
얼마나,どれほど,,,,,,,,,,,,,,,,,,,,,,
어떻게,どのように,,,,,,,,,,,,,,,,,,,,,,
왜,なぜ,,,,,,,,,,,,,,,,,,,,,,
언제,いつ,,,,,,,,,,,,,,,,,,,,,,
어디,どこ,,,,,,,,,,,,,,,,,,,,,,
누구,誰,,,,,,,,,,,,,,,,,,,,,,
무엇,何,,,,,,,,,,,,,,,,,,,,,,
각각,それぞれ,,,,,,,,,,,,,,,,,,,,,,
모두,すべて,,,,,,,,,,,,,,,,,,,,,,
대부분,大部分,,,,,,,,,,,,,,,,,,,,,,
일부,一部,,,,,,,,,,,,,,,,,,,,,,
서로,互いに,,,,,,,,,,,,,,,,,,,,,,
직접,直接,,,,,,,,,,,,,,,,,,,,,,
간접적으로,間接的に,,,,,,,,,,,,,,,,,,,,,,
전체적으로,全体的に,,,,,,,,,,,,,,,,,,,,,,
개인적으로,個人的に,,,,,,,,,,,,,,,,,,,,,,
사회적으로,社会的に,,,,,,,,,,,,,,,,,,,,,,
현실적으로,現実的に,,,,,,,,,,,,,,,,,,,,,,